<COLLADA xmlns="http://www.collada.org/2005/11/COLLADASchema" version="1.4.1">
  <asset>
    <created>2025-03-12T17:17:20.845464</created>
    <modified>2025-03-12T17:17:20.845466</modified>
    <up_axis>Y_UP</up_axis>
  </asset>
  <library_effects>
    <effect id="f173b7af431e40bdbc18acd683bab98f" name="f173b7af431e40bdbc18acd683bab98f">
      <profile_COMMON>
        <technique sid="common">
          <phong>
            <emission>
              <color>0.0 0.0 0.0 1.0</color>
            </emission>
            <ambient>
              <color>0.0 0.0 0.0 1.0</color>
            </ambient>
            <diffuse>
              <color>0.0 0.0 0.0 1.0</color>
            </diffuse>
            <specular>
              <color>0.0 0.0 0.0 1.0</color>
            </specular>
            <shininess>
              <float>0.0</float>
            </shininess>
            <reflective>
              <color>0.0 0.0 0.0 1.0</color>
            </reflective>
            <reflectivity>
              <float>0.0</float>
            </reflectivity>
            <transparent>
              <color>0.0 0.0 0.0 1.0</color>
            </transparent>
            <transparency>
              <float>1.0</float>
            </transparency>
          </phong>
        </technique>
        <extra>
          <technique profile="GOOGLEEARTH">
            <double_sided>0</double_sided>
          </technique>
        </extra>
      </profile_COMMON>
    </effect>
  </library_effects>
  <library_geometries>
    <geometry id="38b854c11a18495aa1cd7df6d8a60d33" name="3c61910cbdd040ccb3e5c7f7d110d303">
      <mesh>
        <source id="verts-array">
          <float_array count="3264" id="verts-array-array">0 0 -31.5 -4.383953 0 -31.19345 4.383953 0 -31.19345 -8.682577 0 -30.27974 8.682577 0 -30.27974 -12.8122 0 -28.77668 12.8122 0 -28.77668 -7.837739e-16 0 -28.2 -0.5556742 0 -28.15139 0.5556742 0 -28.15139 -1.094464 0 -28.00702 1.094464 0 -28.00702 -1.6 0 -27.77128 1.6 0 -27.77128 -2.056921 0 -27.45134 2.056921 0 -27.45134 -2.451342 0 -27.05692 2.451342 0 -27.05692 -16.69246 0 -26.71351 16.69246 0 -26.71351 -2.771281 0 -26.6 2.771281 0 -26.6 -3.007016 0 -26.09447 3.007016 0 -26.09447 -3.151385 0 -25.55567 3.151385 0 -25.55567 -3.2 0 -25 3.2 0 -25 -3.151385 0 -24.44433 3.151385 0 -24.44433 -20.24781 0 -24.1304 20.24781 0 -24.1304 -3.007016 0 -23.90554 3.007016 0 -23.90554 -2.771281 0 -23.4 2.771281 0 -23.4 -2.451342 0 -22.94308 2.451342 0 -22.94308 -2.056921 0 -22.54866 2.056921 0 -22.54866 -1.6 0 -22.22872 1.6 0 -22.22872 -1.094464 0 -21.99298 1.094464 0 -21.99298 -0.5556742 0 -21.84862 0.5556742 0 -21.84862 3.91887e-16 0 -21.8 -23.40906 0 -21.07761 23.40906 0 -21.07761 -26.11468 0 -17.61458 26.11468 0 -17.61458 -28.31201 0 -13.80869 28.31201 0 -13.80869 -29.95828 0 -9.734035 29.95828 0 -9.734035 -31.02144 0 -5.469918 31.02144 0 -5.469918 -25 0 -3.2 25 0 -3.2 -25.55567 0 -3.151385 -24.44433 0 -3.151385 24.44433 0 -3.151385 25.55567 0 -3.151385 -26.09447 0 -3.007016 -23.90554 0 -3.007016 23.90554 0 -3.007016 26.09447 0 -3.007016 -26.6 0 -2.771281 -23.4 0 -2.771281 23.4 0 -2.771281 26.6 0 -2.771281 -27.05692 0 -2.451342 -22.94308 0 -2.451342 22.94308 0 -2.451342 27.05692 0 -2.451342 -27.45134 0 -2.056921 -22.54866 0 -2.056921 22.54866 0 -2.056921 27.45134 0 -2.056921 -27.77128 0 -1.6 -22.22872 0 -1.6 22.22872 0 -1.6 27.77128 0 -1.6 -31.48081 0 -1.099334 31.48081 0 -1.099334 -28.00702 0 -1.094464 -21.99298 0 -1.094464 21.99298 0 -1.094464 28.00702 0 -1.094464 -28.15139 0 -0.5556742 -21.84862 0 -0.5556742 21.84862 0 -0.5556742 28.15139 0 -0.5556742 28.2 0 -4.832311e-13 21.8 0 -4.824473e-13 -21.8 0 4.859008e-13 -28.2 0 4.866846e-13 -28.15139 0 0.5556742 -21.84862 0 0.5556742 21.84862 0 0.5556742 28.15139 0 0.5556742 -28.00702 0 1.094464 -21.99298 0 1.094464 21.99298 0 1.094464 28.00702 0 1.094464 -27.77128 0 1.6 -22.22872 0 1.6 22.22872 0 1.6 27.77128 0 1.6 -27.45134 0 2.056921 -22.54866 0 2.056921 22.54866 0 2.056921 27.45134 0 2.056921 -27.05692 0 2.451342 -22.94308 0 2.451342 22.94308 0 2.451342 27.05692 0 2.451342 -26.6 0 2.771281 -23.4 0 2.771281 23.4 0 2.771281 26.6 0 2.771281 -26.09447 0 3.007016 -23.90554 0 3.007016 23.90554 0 3.007016 26.09447 0 3.007016 -25.55567 0 3.151385 -24.44433 0 3.151385 24.44433 0 3.151385 25.55567 0 3.151385 -25 0 3.2 25 0 3.2 -31.32744 0 3.292646 31.32744 0 3.292646 -30.56432 0 7.62054 30.56432 0 7.62054 -29.20629 0 11.80011 29.20629 0 11.80011 -27.2798 0 15.75 27.2798 0 15.75 -24.82234 0 19.39334 24.82234 0 19.39334 3.061617e-15 0 21.8 -0.5556742 0 21.84862 0.5556742 0 21.84862 -1.094464 0 21.99298 1.094464 0 21.99298 -1.6 0 22.22872 1.6 0 22.22872 -2.056921 0 22.54866 2.056921 0 22.54866 -21.88174 0 22.6592 21.88174 0 22.6592 -2.451342 0 22.94308 2.451342 0 22.94308 -2.771281 0 23.4 2.771281 0 23.4 -3.007016 0 23.90554 3.007016 0 23.90554 -3.151385 0 24.44433 3.151385 0 24.44433 -3.2 0 25 3.2 0 25 -18.51523 0 25.48404 18.51523 0 25.48404 -3.151385 0 25.55567 3.151385 0 25.55567 -3.007016 0 26.09447 3.007016 0 26.09447 -2.771281 0 26.6 2.771281 0 26.6 -2.451342 0 27.05692 2.451342 0 27.05692 -2.056921 0 27.45134 2.056921 0 27.45134 -1.6 0 27.77128 1.6 0 27.77128 -14.78835 0 27.81285 14.78835 0 27.81285 -1.094464 0 28.00702 1.094464 0 28.00702 -0.5556742 0 28.15139 0.5556742 0 28.15139 3.453504e-15 0 28.2 -10.77363 0 29.60032 10.77363 0 29.60032 -6.549218 0 30.81165 6.549218 0 30.81165 -2.197329 0 31.42327 2.197329 0 31.42327 3.857637e-15 0 31.5 8.652261e-17 2 -31.5 -1.570145 2 -31.46084 1.570145 2 -31.46084 -4.383953 2 -31.19345 4.383953 2 -31.19345 -4.694831 2 -31.14817 4.694831 2 -31.14817 -7.772858 2 -30.52593 7.772858 2 -30.52593 -8.682577 2 -30.27974 8.682577 2 -30.27974 -10.77363 2 -29.60032 10.77363 2 -29.60032 -12.8122 2 -28.77668 12.8122 2 -28.77668 -13.66734 2 -28.38052 13.66734 2 -28.38052 -16.42521 2 -26.87866 16.42521 2 -26.87866 -16.69246 2 -26.71351 16.69246 2 -26.71351 -19.01984 2 -25.10967 19.01984 2 -25.10967 -20.24781 2 -24.1304 20.24781 2 -24.1304 -21.42544 2 -23.09113 21.42544 2 -23.09113 -23.40906 2 -21.07761 23.40906 2 -21.07761 -23.61811 2 -20.8431 23.61811 2 -20.8431 -25.57605 2 -18.38792 25.57605 2 -18.38792 -26.11468 2 -17.61458 26.11468 2 -17.61458 -27.2798 2 -15.75 27.2798 2 -15.75 -28.31201 2 -13.80869 28.31201 2 -13.80869 -28.71243 2 -12.95554 28.71243 2 -12.95554 -29.85971 2 -10.03233 29.85971 2 -10.03233 -29.95828 2 -9.734035 29.95828 2 -9.734035 -30.71023 2 -7.009409 30.71023 2 -7.009409 -31.02144 2 -5.469918 31.02144 2 -5.469918 -31.25554 2 -3.916826 31.25554 2 -3.916826 -31.48081 2 -1.099334 31.48081 2 -1.099334 -31.49021 2 -0.7853168 31.49021 2 -0.7853168 -31.41192 2 2.353998 31.41192 2 2.353998 -31.32744 2 3.292646 31.32744 2 3.292646 -31.02144 2 5.469918 31.02144 2 5.469918 -30.56432 2 7.62054 30.56432 2 7.62054 -30.32266 2 8.531474 30.32266 2 8.531474 -29.32252 2 11.50824 29.32252 2 11.50824 -29.20629 2 11.80011 29.20629 2 11.80011 -28.03096 2 14.37064 28.03096 2 14.37064 -27.2798 2 15.75 27.2798 2 15.75 -26.46082 2 17.09021 26.46082 2 17.09021 -24.82234 2 19.39334 24.82234 2 19.39334 -24.62769 2 19.63993 24.62769 2 19.63993 -22.54981 2 21.99446 22.54981 2 21.99446 -21.88174 2 22.6592 21.88174 2 22.6592 -20.24781 2 24.1304 20.24781 2 24.1304 -18.51523 2 25.48404 18.51523 2 25.48404 -17.74458 2 26.02652 17.74458 2 26.02652 -15.065 2 27.66398 15.065 2 27.66398 -14.78835 2 27.81285 14.78835 2 27.81285 -12.2357 2 29.0265 12.2357 2 29.0265 -10.77363 2 29.60032 10.77363 2 29.60032 -9.284788 2 30.10054 9.284788 2 30.10054 -6.549218 2 30.81165 6.549218 2 30.81165 -6.241603 2 30.87543 6.241603 2 30.87543 -3.136387 2 31.34347 3.136387 2 31.34347 -2.197329 2 31.42327 2.197329 2 31.42327 0 2 31.5 -1.568631 2.347296 -31.4305 1.568631 2.347296 -31.4305 -4.690303 2.347296 -31.11813 4.690303 2.347296 -31.11813 -7.765361 2.347296 -30.49649 7.765361 2.347296 -30.49649 -10.76324 2.347296 -29.57177 10.76324 2.347296 -29.57177 -13.65415 2.347296 -28.35314 13.65415 2.347296 -28.35314 -16.40936 2.347296 -26.85274 16.40936 2.347296 -26.85274 -19.00149 2.347296 -25.08545 19.00149 2.347296 -25.08545 -21.40478 2.347296 -23.06886 21.40478 2.347296 -23.06886 -23.59533 2.347296 -20.823 23.59533 2.347296 -20.823 -25.55138 2.347296 -18.37019 25.55138 2.347296 -18.37019 -27.25349 2.347296 -15.73481 27.25349 2.347296 -15.73481 -28.68474 2.347296 -12.94305 28.68474 2.347296 -12.94305 -29.83091 2.347296 -10.02265 29.83091 2.347296 -10.02265 -30.68061 2.347296 -7.002648 30.68061 2.347296 -7.002648 -31.22539 2.347296 -3.913049 31.22539 2.347296 -3.913049 -31.45984 2.347296 -0.7845593 31.45984 2.347296 -0.7845593 -31.38162 2.347296 2.351727 31.38162 2.347296 2.351727 -30.99152 2.347296 5.464642 30.99152 2.347296 5.464642 -30.29342 2.347296 8.523246 30.29342 2.347296 8.523246 -29.29424 2.347296 11.49714 29.29424 2.347296 11.49714 -28.00392 2.347296 14.35677 28.00392 2.347296 14.35677 -26.43529 2.347296 17.07372 26.43529 2.347296 17.07372 -24.60394 2.347296 19.62099 24.60394 2.347296 19.62099 -22.52805 2.347296 21.97325 22.52805 2.347296 21.97325 -20.22828 2.347296 24.10712 20.22828 2.347296 24.10712 -17.72747 2.347296 26.00142 17.72747 2.347296 26.00142 -15.05047 2.347296 27.63729 15.05047 2.347296 27.63729 -12.22389 2.347296 28.9985 12.22389 2.347296 28.9985 -9.275832 2.347296 30.07151 9.275832 2.347296 30.07151 -6.235583 2.347296 30.84565 6.235583 2.347296 30.84565 -3.133362 2.347296 31.31324 3.133362 2.347296 31.31324 0 2.347296 31.46962 -1.564133 2.68404 -31.34038 1.564133 2.68404 -31.34038 -4.676855 2.68404 -31.0289 4.676855 2.68404 -31.0289 -7.743095 2.68404 -30.40905 7.743095 2.68404 -30.40905 -10.73238 2.68404 -29.48698 10.73238 2.68404 -29.48698 -13.615 2.68404 -28.27185 13.615 2.68404 -28.27185 -16.36232 2.68404 -26.77574 16.36232 2.68404 -26.77574 -18.94701 2.68404 -25.01353 18.94701 2.68404 -25.01353 -21.3434 2.68404 -23.00272 21.3434 2.68404 -23.00272 -23.52767 2.68404 -20.76329 23.52767 2.68404 -20.76329 -25.47812 2.68404 -18.31752 25.47812 2.68404 -18.31752 -27.17534 2.68404 -15.68969 27.17534 2.68404 -15.68969 -28.60249 2.68404 -12.90594 28.60249 2.68404 -12.90594 -29.74538 2.68404 -9.993916 29.74538 2.68404 -9.993916 -30.59264 2.68404 -6.98257 30.59264 2.68404 -6.98257 -31.13586 2.68404 -3.901829 31.13586 2.68404 -3.901829 -31.36963 2.68404 -0.7823098 31.36963 2.68404 -0.7823098 -31.29164 2.68404 2.344984 31.29164 2.68404 2.344984 -30.90266 2.68404 5.448973 30.90266 2.68404 5.448973 -30.20656 2.68404 8.498808 30.20656 2.68404 8.498808 -29.21025 2.68404 11.46418 29.21025 2.68404 11.46418 -27.92363 2.68404 14.31561 27.92363 2.68404 14.31561 -26.3595 2.68404 17.02477 26.3595 2.68404 17.02477 -24.53339 2.68404 19.56473 24.53339 2.68404 19.56473 -22.46346 2.68404 21.91024 22.46346 2.68404 21.91024 -20.17028 2.68404 24.038 20.17028 2.68404 24.038 -17.67664 2.68404 25.92687 17.67664 2.68404 25.92687 -15.00732 2.68404 27.55805 15.00732 2.68404 27.55805 -12.18885 2.68404 28.91536 12.18885 2.68404 28.91536 -9.249236 2.68404 29.98529 9.249236 2.68404 29.98529 -6.217704 2.68404 30.75721 6.217704 2.68404 30.75721 -3.124378 2.68404 31.22345 3.124378 2.68404 31.22345 0 2.68404 31.37939 -1.556789 3 -31.19323 1.556789 3 -31.19323 -4.654895 3 -30.88321 4.654895 3 -30.88321 -7.706739 3 -30.26627 7.706739 3 -30.26627 -10.68199 3 -29.34853 10.68199 3 -29.34853 -13.55108 3 -28.1391 13.55108 3 -28.1391 -16.28549 3 -26.65002 16.28549 3 -26.65002 -18.85805 3 -24.89608 18.85805 3 -24.89608 -21.24319 3 -22.89471 21.24319 3 -22.89471 -23.4172 3 -20.66581 23.4172 3 -20.66581 -25.35849 3 -18.23151 25.35849 3 -18.23151 -27.04775 3 -15.61603 27.04775 3 -15.61603 -28.4682 3 -12.84534 28.4682 3 -12.84534 -29.60571 3 -9.946992 29.60571 3 -9.946992 -30.449 3 -6.949785 30.449 3 -6.949785 -30.98967 3 -3.883509 30.98967 3 -3.883509 -31.22234 3 -0.7786366 31.22234 3 -0.7786366 -31.14472 3 2.333974 31.14472 3 2.333974 -30.75756 3 5.423389 30.75756 3 5.423389 -30.06473 3 8.458903 30.06473 3 8.458903 -29.0731 3 11.41035 29.0731 3 11.41035 -27.79252 3 14.24839 27.79252 3 14.24839 -26.23573 3 16.94483 26.23573 3 16.94483 -24.4182 3 19.47287 24.4182 3 19.47287 -22.35799 3 21.80737 22.35799 3 21.80737 -20.07557 3 23.92514 20.07557 3 23.92514 -17.59364 3 25.80513 17.59364 3 25.80513 -14.93685 3 27.42866 14.93685 3 27.42866 -12.13162 3 28.77959 12.13162 3 28.77959 -9.205809 3 29.8445 9.205809 3 29.8445 -6.18851 3 30.6128 6.18851 3 30.6128 -3.109708 3 31.07685 3.109708 3 31.07685 0 3 31.23205 -1.546822 3.285575 -30.99351 1.546822 3.285575 -30.99351 -4.625093 3.285575 -30.68549 4.625093 3.285575 -30.68549 -7.657398 3.285575 -30.07249 7.657398 3.285575 -30.07249 -10.6136 3.285575 -29.16062 10.6136 3.285575 -29.16062 -13.46432 3.285575 -27.95895 13.46432 3.285575 -27.95895 -16.18122 3.285575 -26.4794 16.18122 3.285575 -26.4794 -18.73731 3.285575 -24.73669 18.73731 3.285575 -24.73669 -21.10718 3.285575 -22.74813 21.10718 3.285575 -22.74813 -23.26728 3.285575 -20.53349 23.26728 3.285575 -20.53349 -25.19613 3.285575 -18.11478 25.19613 3.285575 -18.11478 -26.87458 3.285575 -15.51604 26.87458 3.285575 -15.51604 -28.28593 3.285575 -12.7631 28.28593 3.285575 -12.7631 -29.41617 3.285575 -9.883306 29.41617 3.285575 -9.883306 -30.25405 3.285575 -6.905289 30.25405 3.285575 -6.905289 -30.79125 3.285575 -3.858645 30.79125 3.285575 -3.858645 -31.02244 3.285575 -0.7736515 31.02244 3.285575 -0.7736515 -30.94532 3.285575 2.319031 30.94532 3.285575 2.319031 -30.56064 3.285575 5.388666 30.56064 3.285575 5.388666 -29.87224 3.285575 8.404746 29.87224 3.285575 8.404746 -28.88696 3.285575 11.3373 28.88696 3.285575 11.3373 -27.61458 3.285575 14.15717 27.61458 3.285575 14.15717 -26.06776 3.285575 16.83634 26.06776 3.285575 16.83634 -24.26186 3.285575 19.34819 24.26186 3.285575 19.34819 -22.21484 3.285575 21.66775 22.21484 3.285575 21.66775 -19.94704 3.285575 23.77196 19.94704 3.285575 23.77196 -17.481 3.285575 25.63992 17.481 3.285575 25.63992 -14.84122 3.285575 27.25305 14.84122 3.285575 27.25305 -12.05394 3.285575 28.59533 12.05394 3.285575 28.59533 -9.14687 3.285575 29.65342 9.14687 3.285575 29.65342 -6.148889 3.285575 30.4168 6.148889 3.285575 30.4168 -3.089798 3.285575 30.87788 3.089798 3.285575 30.87788 0 3.285575 31.03209 -1.534534 3.532089 -30.7473 1.534534 3.532089 -30.7473 -4.588352 3.532089 -30.44172 4.588352 3.532089 -30.44172 -7.596568 3.532089 -29.8336 7.596568 3.532089 -29.8336 -10.52929 3.532089 -28.92898 10.52929 3.532089 -28.92898 -13.35736 3.532089 -27.73685 13.35736 3.532089 -27.73685 -16.05268 3.532089 -26.26905 16.05268 3.532089 -26.26905 -18.58847 3.532089 -24.54018 18.58847 3.532089 -24.54018 -20.93951 3.532089 -22.56742 20.93951 3.532089 -22.56742 -23.08245 3.532089 -20.37038 23.08245 3.532089 -20.37038 -24.99598 3.532089 -17.97088 24.99598 3.532089 -17.97088 -26.66109 3.532089 -15.39279 26.66109 3.532089 -15.39279 -28.06123 3.532089 -12.66171 28.06123 3.532089 -12.66171 -29.18249 3.532089 -9.804794 29.18249 3.532089 -9.804794 -30.01372 3.532089 -6.850435 30.01372 3.532089 -6.850435 -30.54665 3.532089 -3.827992 30.54665 3.532089 -3.827992 -30.77601 3.532089 -0.7675056 30.77601 3.532089 -0.7675056 -30.69949 3.532089 2.300609 30.69949 3.532089 2.300609 -30.31787 3.532089 5.345859 30.31787 3.532089 5.345859 -29.63494 3.532089 8.337979 29.63494 3.532089 8.337979 -28.65748 3.532089 11.24723 28.65748 3.532089 11.24723 -27.39521 3.532089 14.04471 27.39521 3.532089 14.04471 -25.86068 3.532089 16.7026 25.86068 3.532089 16.7026 -24.06913 3.532089 19.19449 24.06913 3.532089 19.19449 -22.03837 3.532089 21.49562 22.03837 3.532089 21.49562 -19.78859 3.532089 23.58312 19.78859 3.532089 23.58312 -17.34213 3.532089 25.43624 17.34213 3.532089 25.43624 -14.72332 3.532089 27.03656 14.72332 3.532089 27.03656 -11.95819 3.532089 28.36818 11.95819 3.532089 28.36818 -9.074207 3.532089 29.41786 9.074207 3.532089 29.41786 -6.100043 3.532089 30.17517 6.100043 3.532089 30.17517 -3.065253 3.532089 30.6326 3.065253 3.532089 30.6326 0 3.532089 30.78558 -1.520299 3.732051 -30.46209 1.520299 3.732051 -30.46209 -4.545789 3.732051 -30.15934 4.545789 3.732051 -30.15934 -7.526101 3.732051 -29.55686 7.526101 3.732051 -29.55686 -10.43161 3.732051 -28.66063 10.43161 3.732051 -28.66063 -13.23345 3.732051 -27.47955 13.23345 3.732051 -27.47955 -15.90377 3.732051 -26.02537 15.90377 3.732051 -26.02537 -18.41603 3.732051 -24.31254 18.41603 3.732051 -24.31254 -20.74527 3.732051 -22.35808 20.74527 3.732051 -22.35808 -22.86833 3.732051 -20.18142 22.86833 3.732051 -20.18142 -24.76411 3.732051 -17.80418 24.76411 3.732051 -17.80418 -26.41377 3.732051 -15.25 26.41377 3.732051 -15.25 -27.80093 3.732051 -12.54426 27.80093 3.732051 -12.54426 -28.91179 3.732051 -9.713842 28.91179 3.732051 -9.713842 -29.7353 3.732051 -6.786889 29.7353 3.732051 -6.786889 -30.2633 3.732051 -3.792483 30.2633 3.732051 -3.792483 -30.49052 3.732051 -0.7603861 30.49052 3.732051 -0.7603861 -30.41471 3.732051 2.279268 30.41471 3.732051 2.279268 -30.03664 3.732051 5.296269 30.03664 3.732051 5.296269 -29.36004 3.732051 8.260634 29.36004 3.732051 8.260634 -28.39165 3.732051 11.1429 28.39165 3.732051 11.1429 -27.14109 3.732051 13.91442 27.14109 3.732051 13.91442 -25.62079 3.732051 16.54766 25.62079 3.732051 16.54766 -23.84586 3.732051 19.01644 23.84586 3.732051 19.01644 -21.83394 3.732051 21.29622 21.83394 3.732051 21.29622 -19.60502 3.732051 23.36436 19.60502 3.732051 23.36436 -17.18126 3.732051 25.20028 17.18126 3.732051 25.20028 -14.58675 3.732051 26.78576 14.58675 3.732051 26.78576 -11.84726 3.732051 28.10502 11.84726 3.732051 28.10502 -8.990032 3.732051 29.14497 8.990032 3.732051 29.14497 -6.043458 3.732051 29.89526 6.043458 3.732051 29.89526 -3.036819 3.732051 30.34844 3.036819 3.732051 30.34844 0 3.732051 30.5 -1.50455 3.879385 -30.14652 1.50455 3.879385 -30.14652 -4.498698 3.879385 -29.84691 4.498698 3.879385 -29.84691 -7.448135 3.879385 -29.25067 7.448135 3.879385 -29.25067 -10.32355 3.879385 -28.36372 10.32355 3.879385 -28.36372 -13.09636 3.879385 -27.19488 13.09636 3.879385 -27.19488 -15.73902 3.879385 -25.75577 15.73902 3.879385 -25.75577 -18.22526 3.879385 -24.06068 18.22526 3.879385 -24.06068 -20.53036 3.879385 -22.12647 20.53036 3.879385 -22.12647 -22.63143 3.879385 -19.97235 22.63143 3.879385 -19.97235 -24.50757 3.879385 -17.61974 24.50757 3.879385 -17.61974 -26.14015 3.879385 -15.09202 26.14015 3.879385 -15.09202 -27.51293 3.879385 -12.41431 27.51293 3.879385 -12.41431 -28.61228 3.879385 -9.613214 28.61228 3.879385 -9.613214 -29.42726 3.879385 -6.716581 29.42726 3.879385 -6.716581 -29.94979 3.879385 -3.753195 29.94979 3.879385 -3.753195 -30.17466 3.879385 -0.752509 30.17466 3.879385 -0.752509 -30.09964 3.879385 2.255656 30.09964 3.879385 2.255656 -29.72548 3.879385 5.241404 29.72548 3.879385 5.241404 -29.05589 3.879385 8.175059 29.05589 3.879385 8.175059 -28.09753 3.879385 11.02747 28.09753 3.879385 11.02747 -26.85993 3.879385 13.77028 26.85993 3.879385 13.77028 -25.35538 3.879385 16.37624 25.35538 3.879385 16.37624 -23.59883 3.879385 18.81944 23.59883 3.879385 18.81944 -21.60775 3.879385 21.07561 21.60775 3.879385 21.07561 -19.40193 3.879385 23.12232 19.40193 3.879385 23.12232 -17.00327 3.879385 24.93922 17.00327 3.879385 24.93922 -14.43564 3.879385 26.50828 14.43564 3.879385 26.50828 -11.72453 3.879385 27.81387 11.72453 3.879385 27.81387 -8.896902 3.879385 28.84305 8.896902 3.879385 28.84305 -5.980851 3.879385 29.58557 5.980851 3.879385 29.58557 -3.00536 3.879385 30.03405 3.00536 3.879385 30.03405 0 3.879385 30.18404 -1.487765 3.969615 -29.81019 1.487765 3.969615 -29.81019 -4.448509 3.969615 -29.51393 4.448509 3.969615 -29.51393 -7.365041 3.969615 -28.92434 7.365041 3.969615 -28.92434 -10.20838 3.969615 -28.04728 10.20838 3.969615 -28.04728 -12.95026 3.969615 -26.89149 12.95026 3.969615 -26.89149 -15.56343 3.969615 -25.46843 15.56343 3.969615 -25.46843 -18.02193 3.969615 -23.79225 18.02193 3.969615 -23.79225 -20.30132 3.969615 -21.87962 20.30132 3.969615 -21.87962 -22.37894 3.969615 -19.74953 22.37894 3.969615 -19.74953 -24.23416 3.969615 -17.42317 24.23416 3.969615 -17.42317 -25.84852 3.969615 -14.92365 25.84852 3.969615 -14.92365 -27.20598 3.969615 -12.27581 27.20598 3.969615 -12.27581 -28.29307 3.969615 -9.505966 28.29307 3.969615 -9.505966 -29.09896 3.969615 -6.641648 29.09896 3.969615 -6.641648 -29.61566 3.969615 -3.711323 29.61566 3.969615 -3.711323 -29.83802 3.969615 -0.7441137 29.83802 3.969615 -0.7441137 -29.76384 3.969615 2.230491 29.76384 3.969615 2.230491 -29.39385 3.969615 5.182929 29.39385 3.969615 5.182929 -28.73173 3.969615 8.083856 28.73173 3.969615 8.083856 -27.78407 3.969615 10.90444 27.78407 3.969615 10.90444 -26.56027 3.969615 13.61666 26.56027 3.969615 13.61666 -25.0725 3.969615 16.19354 25.0725 3.969615 16.19354 -23.33556 3.969615 18.60948 23.33556 3.969615 18.60948 -21.36669 3.969615 20.84048 21.36669 3.969615 20.84048 -19.18547 3.969615 22.86436 19.18547 3.969615 22.86436 -16.81358 3.969615 24.66099 16.81358 3.969615 24.66099 -14.27459 3.969615 26.21254 14.27459 3.969615 26.21254 -11.59373 3.969615 27.50357 11.59373 3.969615 27.50357 -8.797645 3.969615 28.52126 8.797645 3.969615 28.52126 -5.914126 3.969615 29.2555 5.914126 3.969615 29.2555 -2.971831 3.969615 29.69898 2.971831 3.969615 29.69898 0 3.969615 29.8473 -1.470454 4 -29.46333 1.470454 4 -29.46333 -4.396747 4 -29.17051 4.396747 4 -29.17051 -7.279344 4 -28.58778 7.279344 4 -28.58778 0 4 -28.2 -0.5556742 4 -28.15139 0.5556742 4 -28.15139 -1.094464 4 -28.00702 1.094464 4 -28.00702 -1.6 4 -27.77128 1.6 4 -27.77128 -10.08959 4 -27.72093 10.08959 4 -27.72093 -2.056921 4 -27.45134 2.056921 4 -27.45134 -2.451342 4 -27.05692 2.451342 4 -27.05692 -2.771281 4 -26.6 2.771281 4 -26.6 -12.79957 4 -26.57858 12.79957 4 -26.57858 -3.007016 4 -26.09447 3.007016 4 -26.09447 -3.151385 4 -25.55567 3.151385 4 -25.55567 -15.38234 4 -25.17208 15.38234 4 -25.17208 -3.2 4 -25 3.2 4 -25 -3.151385 4 -24.44433 3.151385 4 -24.44433 -3.007016 4 -23.90554 3.007016 4 -23.90554 -17.81223 4 -23.51541 17.81223 4 -23.51541 -2.771281 4 -23.4 2.771281 4 -23.4 -2.451342 4 -22.94308 2.451342 4 -22.94308 -2.056921 4 -22.54866 2.056921 4 -22.54866 -1.6 4 -22.22872 1.6 4 -22.22872 -1.094464 4 -21.99298 1.094464 4 -21.99298 -0.5556742 4 -21.84862 0.5556742 4 -21.84862 3.91887e-16 4 -21.8 -20.0651 4 -21.62503 20.0651 4 -21.62503 -22.11855 4 -19.51973 22.11855 4 -19.51973 -18 4 -18 -10.6 4 -18 18 4 -18 -23.95217 4 -17.22044 23.95217 4 -17.22044 -25.54775 4 -14.75 25.54775 4 -14.75 -26.88942 4 -12.13297 26.88942 4 -12.13297 27.52471 4 -10.6132 -18 4 -10.6 18 4 -10.6 -27.96386 4 -9.395356 27.96386 4 -9.395356 -28.76037 4 -6.564368 28.76037 4 -6.564368 -29.27106 4 -3.668139 29.27106 4 -3.668139 -25 4 -3.2 25 4 -3.2 -25.55567 4 -3.151385 -24.44433 4 -3.151385 24.44433 4 -3.151385 25.55567 4 -3.151385 -26.09447 4 -3.007016 -23.90554 4 -3.007016 23.90554 4 -3.007016 26.09447 4 -3.007016 -26.6 4 -2.771281 -23.4 4 -2.771281 23.4 4 -2.771281 26.6 4 -2.771281 -27.05692 4 -2.451342 -22.94308 4 -2.451342 22.94308 4 -2.451342 27.05692 4 -2.451342 -27.45134 4 -2.056921 -22.54866 4 -2.056921 22.54866 4 -2.056921 27.45134 4 -2.056921 -27.77128 4 -1.6 -22.22872 4 -1.6 22.22872 4 -1.6 27.77128 4 -1.6 -28.00702 4 -1.094464 -21.99298 4 -1.094464 21.99298 4 -1.094464 28.00702 4 -1.094464 -29.49083 4 -0.7354555 29.49083 4 -0.7354555 -28.15139 4 -0.5556742 -21.84862 4 -0.5556742 21.84862 4 -0.5556742 28.15139 4 -0.5556742 28.2 4 -4.832311e-13 21.8 4 -4.824473e-13 -21.8 4 4.859008e-13 -28.2 4 4.866846e-13 -28.15139 4 0.5556742 -21.84862 4 0.5556742 21.84862 4 0.5556742 28.15139 4 0.5556742 -28.00702 4 1.094464 -21.99298 4 1.094464 21.99298 4 1.094464 28.00702 4 1.094464 -27.77128 4 1.6 -22.22872 4 1.6 22.22872 4 1.6 27.77128 4 1.6 -27.45134 4 2.056921 -22.54866 4 2.056921 22.54866 4 2.056921 27.45134 4 2.056921 -29.41751 4 2.204538 29.41751 4 2.204538 -27.05692 4 2.451342 -22.94308 4 2.451342 22.94308 4 2.451342 27.05692 4 2.451342 -26.6 4 2.771281 -23.4 4 2.771281 23.4 4 2.771281 26.6 4 2.771281 -26.09447 4 3.007016 -23.90554 4 3.007016 23.90554 4 3.007016 26.09447 4 3.007016 -25.55567 4 3.151385 -24.44433 4 3.151385 24.44433 4 3.151385 25.55567 4 3.151385 -25 4 3.2 25 4 3.2 -29.05183 4 5.122621 29.05183 4 5.122621 -28.39742 4 7.989794 28.39742 4 7.989794 -27.46078 4 10.77756 27.46078 4 10.77756 -26.25122 4 13.45821 26.25122 4 13.45821 -24.78077 4 16.00512 24.78077 4 16.00512 -18 4 18 -10.6 4 18 18 4 18 -23.06403 4 18.39295 23.06403 4 18.39295 -21.11807 4 20.59799 21.11807 4 20.59799 2.277843e-15 4 21.8 -0.5556742 4 21.84862 0.5556742 4 21.84862 -1.094464 4 21.99298 1.094464 4 21.99298 -1.6 4 22.22872 1.6 4 22.22872 -2.056921 4 22.54866 2.056921 4 22.54866 -18.96223 4 22.59831 18.96223 4 22.59831 -2.451342 4 22.94308 2.451342 4 22.94308 -2.771281 4 23.4 2.771281 4 23.4 -3.007016 4 23.90554 3.007016 4 23.90554 -16.61794 4 24.37404 16.61794 4 24.37404 -3.151385 4 24.44433 3.151385 4 24.44433 -3.2 4 25 3.2 4 25 -3.151385 4 25.55567 3.151385 4 25.55567 -14.10849 4 25.90754 14.10849 4 25.90754 -3.007016 4 26.09447 3.007016 4 26.09447 -2.771281 4 26.6 2.771281 4 26.6 -2.451342 4 27.05692 2.451342 4 27.05692 -11.45883 4 27.18355 11.45883 4 27.18355 -2.056921 4 27.45134 2.056921 4 27.45134 -10.61075 4 27.52566 -1.6 4 27.77128 1.6 4 27.77128 -1.094464 4 28.00702 1.094464 4 28.00702 -0.5556742 4 28.15139 0.5556742 4 28.15139 -8.695277 4 28.1894 8.695277 4 28.1894 3.453504e-15 4 28.2 -5.845311 4 28.91509 5.845311 4 28.91509 -2.937252 4 29.35341 2.937252 4 29.35341 0 4 29.5 -16.74853 4.098493 -16.74853 -16.74853 4.098493 16.74853 -16.61183 4.121358 16.61183 16.61082 4.121538 -16.61082 16.61082 4.121538 16.61082 15.53044 4.390712 -15.53044 -15.52786 4.391548 -15.52786 -15.52786 4.391548 15.52786 -15.26677 4.481394 15.26677 15.26384 4.482459 -15.26384 15.26384 4.482459 15.26384 14.37303 4.869428 -14.37303 -14.36808 4.871948 -14.36808 -14.36808 4.871948 14.36808 -14.0048 5.069029 14.0048 14 5.071797 -14 14 5.071797 14 13.30446 5.522974 -13.30446 -13.29772 5.527864 -13.29772 -13.29772 5.527864 13.29772 -12.8635 5.866778 12.8635 12.8577 5.871644 -12.8577 12.8577 5.871644 12.8577 12.35032 6.335977 -12.35032 -12.34315 6.343146 -12.34315 -12.34315 6.343146 12.34315 -11.87712 6.851186 11.87712 11.87164 6.857699 -11.87164 11.87164 6.857699 11.87164 -11.52786 7.297718 -11.52786 11.52786 7.297718 -11.52786 -11.52786 7.297718 11.52786 11.44678 7.411389 11.44678 -11.17888 7.820011 -11.17888 11.0718 8 -11.0718 -11.0718 8 11.0718 11.0718 8 11.0718 -10.87195 8.368075 -10.87195 10.87195 8.368075 -10.87195 -10.87195 8.368075 10.87195 10.74954 8.619054 10.74954 -10.60896 8.938532 -10.60896 10.48246 9.263839 -10.48246 -10.48246 9.263839 10.48246 10.48246 9.263839 10.48246 -10.39232 9.525492 10.39232 -10.39155 9.527864 -10.39155 10.39155 9.527864 -10.39155 10.27259 9.929447 10.27259 10.23763 10.06462 -10.23763 -10.23763 10.06462 10.23763 -10.22104 10.13244 -10.22104 10.1217 10.60991 -10.1217 -10.12154 10.61081 10.12154 10.12154 10.61081 10.12154 -10.09849 10.74852 -10.09849 10.09849 10.74852 -10.09849 10.03044 11.30275 10.03044 -10.02466 11.37233 -10.02466 10.02466 11.37233 -10.02466 -10.02466 11.37233 10.02466 -10 12 -10 10 12 -10 -10 12 10 10 12 10 -10 150 -10 10 150 -10 -10 150 10 10 150 10</float_array>
          <technique_common>
            <accessor count="1088" source="#verts-array-array" stride="3">
              <param type="float" name="X"/>
              <param type="float" name="Y"/>
              <param type="float" name="Z"/>
            </accessor>
          </technique_common>
        </source>
        <source id="normals-array">
          <float_array count="3264" id="normals-array-array">-0.002717647 -0.6983268 -0.7157739 -0.0979906 -0.6933872 -0.7138712 0.1009523 -0.6965481 -0.7103727 -0.1973863 -0.6973492 -0.6890157 0.2034787 -0.6950584 -0.689558 -0.2873653 -0.6950587 -0.6590254 0.2916838 -0.6973495 -0.6546939 1.034807e-16 -0.7272582 0.686364 0.1191831 -0.7272618 0.6759332 -0.1191831 -0.7272618 0.6759332 0.2347527 -0.7272609 0.6449672 -0.2347527 -0.7272609 0.6449672 0.3431838 -0.7272595 0.594406 -0.3431838 -0.7272595 0.594406 0.4411848 -0.7272601 0.5257839 -0.4411848 -0.7272601 0.5257839 0.5257831 -0.7272605 0.4411851 -0.5257831 -0.7272605 0.4411851 -0.3792848 -0.6965492 -0.6090667 0.3838026 -0.6933882 -0.6098429 0.5944063 -0.7272599 0.3431824 -0.5944063 -0.7272599 0.3431824 0.6449681 -0.7272612 0.2347494 -0.6449681 -0.7272612 0.2347494 0.675935 -0.7272599 0.1191845 -0.675935 -0.7272599 0.1191845 0.6863616 -0.7272604 -7.22841e-18 -0.6863616 -0.7272604 -9.130623e-18 0.6759341 -0.7272604 -0.1191859 -0.6759341 -0.7272604 -0.1191859 -0.4621728 -0.6983266 -0.5465677 0.458009 -0.6983266 -0.5500616 0.6449699 -0.7272598 -0.234749 -0.6449699 -0.7272598 -0.234749 0.5944068 -0.7272608 -0.3431796 -0.5944068 -0.7272608 -0.3431796 0.5257831 -0.7272605 -0.4411851 -0.5257831 -0.7272605 -0.4411851 0.4411848 -0.7272601 -0.5257839 -0.4411848 -0.7272601 -0.5257839 0.3431838 -0.7272595 -0.594406 -0.3431838 -0.7272595 -0.594406 0.2347464 -0.727263 -0.6449672 -0.2347464 -0.727263 -0.6449672 0.119184 -0.7272576 -0.6759375 -0.119184 -0.7272576 -0.6759375 -5.021831e-17 -0.7272624 -0.6863595 -0.5339309 -0.6933885 -0.48387 0.5339514 -0.6965494 -0.4792858 -0.5940975 -0.6973491 -0.4009394 0.5991128 -0.6950583 -0.3974391 -0.6437488 -0.6950583 -0.3201273 0.6442725 -0.6973491 -0.3140337 -0.6820496 -0.6965489 -0.2227733 0.6860097 -0.6933878 -0.2204632 -0.7053708 -0.6983276 -0.1216162 0.7044268 -0.6983277 -0.1269698 0 -0.7272604 0.6863616 0 -0.7272604 0.6863616 0.1191845 -0.7272599 0.675935 -0.1191859 -0.7272604 0.6759341 0.1191859 -0.7272604 0.6759341 -0.1191845 -0.7272599 0.675935 0.2347494 -0.7272612 0.6449681 -0.234749 -0.7272598 0.6449699 0.234749 -0.7272598 0.6449699 -0.2347494 -0.7272612 0.6449681 0.3431824 -0.7272599 0.5944063 -0.3431796 -0.7272608 0.5944068 0.3431796 -0.7272608 0.5944068 -0.3431824 -0.7272599 0.5944063 0.4411851 -0.7272605 0.5257831 -0.4411851 -0.7272605 0.5257831 0.4411851 -0.7272605 0.5257831 -0.4411851 -0.7272605 0.5257831 0.5257839 -0.7272601 0.4411848 -0.5257839 -0.7272601 0.4411848 0.5257839 -0.7272601 0.4411848 -0.5257839 -0.7272601 0.4411848 0.594406 -0.7272595 0.3431838 -0.594406 -0.7272595 0.3431838 0.594406 -0.7272595 0.3431838 -0.594406 -0.7272595 0.3431838 -0.7200408 -0.6933881 -0.02746202 0.7171094 -0.6965494 -0.02393649 0.6449672 -0.7272609 0.2347527 -0.6449672 -0.727263 0.2347464 0.6449672 -0.727263 0.2347464 -0.6449672 -0.7272609 0.2347527 0.6759332 -0.7272618 0.1191831 -0.6759375 -0.7272576 0.119184 0.6759375 -0.7272576 0.119184 -0.6759332 -0.7272618 0.1191831 -0.686364 -0.7272582 5.181642e-14 0.6863595 -0.7272624 5.173551e-14 -0.6863595 -0.7272624 -5.212661e-14 0.686364 -0.7272582 -5.217176e-14 0.6759332 -0.7272618 -0.1191831 -0.6759375 -0.7272576 -0.119184 0.6759375 -0.7272576 -0.119184 -0.6759332 -0.7272618 -0.1191831 0.6449672 -0.7272609 -0.2347527 -0.6449672 -0.727263 -0.2347464 0.6449672 -0.727263 -0.2347464 -0.6449672 -0.7272609 -0.2347527 0.594406 -0.7272595 -0.3431838 -0.594406 -0.7272595 -0.3431838 0.594406 -0.7272595 -0.3431838 -0.594406 -0.7272595 -0.3431838 0.5257839 -0.7272601 -0.4411848 -0.5257839 -0.7272601 -0.4411848 0.5257839 -0.7272601 -0.4411848 -0.5257839 -0.7272601 -0.4411848 0.4411851 -0.7272605 -0.5257831 -0.4411851 -0.7272605 -0.5257831 0.4411851 -0.7272605 -0.5257831 -0.4411851 -0.7272605 -0.5257831 0.3431824 -0.7272599 -0.5944063 -0.3431796 -0.7272608 -0.5944068 0.3431796 -0.7272608 -0.5944068 -0.3431824 -0.7272599 -0.5944063 0.2347494 -0.7272612 -0.6449681 -0.234749 -0.7272598 -0.6449699 0.234749 -0.7272598 -0.6449699 -0.2347494 -0.7272612 -0.6449681 0.1191845 -0.7272599 -0.675935 -0.1191859 -0.7272604 -0.6759341 0.1191859 -0.7272604 -0.6759341 -0.1191845 -0.7272599 -0.675935 -1.141328e-18 -0.7272604 -0.6863616 -1.141328e-18 -0.7272604 -0.6863616 -0.7126484 -0.6977928 0.07223152 0.7144158 -0.6950585 0.08064604 -0.6943522 -0.6982141 0.1742762 0.6953992 -0.6973482 0.1735669 -0.6656762 -0.6965489 0.2677589 0.6672249 -0.6933879 0.2720739 -0.6185193 -0.6983272 0.3602401 0.6212372 -0.6983272 0.3555325 -0.5692353 -0.6933876 0.4417973 0.5647241 -0.6965489 0.4426131 -3.408758e-16 -0.7272624 0.6863595 0.119184 -0.7272576 0.6759375 -0.119184 -0.7272576 0.6759375 0.2347464 -0.727263 0.6449672 -0.2347464 -0.727263 0.6449672 0.3431838 -0.7272595 0.594406 -0.3431838 -0.7272595 0.594406 0.4411848 -0.7272601 0.5257839 -0.4411848 -0.7272601 0.5257839 -0.4994905 -0.6977933 0.5134138 0.495435 -0.6950588 0.5209966 0.5257831 -0.7272605 0.4411851 -0.5257831 -0.7272605 0.4411851 0.5944068 -0.7272608 0.3431796 -0.5944068 -0.7272608 0.3431796 0.6449699 -0.7272598 0.234749 -0.6449699 -0.7272598 0.234749 0.6759341 -0.7272604 0.1191859 -0.6759341 -0.7272604 0.1191859 0.6863616 -0.7272604 -7.22841e-18 -0.6863616 -0.7272604 -9.130623e-18 -0.4198815 -0.6982148 0.5798238 0.4211397 -0.6973489 0.5799533 0.675935 -0.7272599 -0.1191845 -0.675935 -0.7272599 -0.1191845 0.6449681 -0.7272612 -0.2347494 -0.6449681 -0.7272612 -0.2347494 0.5944063 -0.7272599 -0.3431824 -0.5944063 -0.7272599 -0.3431824 0.5257831 -0.7272605 -0.4411851 -0.5257831 -0.7272605 -0.4411851 0.4411848 -0.7272601 -0.5257839 -0.4411848 -0.7272601 -0.5257839 0.3431838 -0.7272595 -0.594406 -0.3431838 -0.7272595 -0.594406 -0.3378251 -0.6965492 0.6330034 0.3362378 -0.6933883 0.6373044 0.2347527 -0.7272609 -0.6449672 -0.2347527 -0.7272609 -0.6449672 0.1191831 -0.7272618 -0.6759332 -0.1191831 -0.7272618 -0.6759332 -3.640846e-16 -0.7272582 -0.686364 -0.2422549 -0.6983268 0.6735371 0.2473627 -0.6983268 0.6716781 -0.1520778 -0.6933878 0.7043336 0.148098 -0.6965487 0.702059 -0.05842407 -0.6984005 0.7133185 0.0568615 -0.6988276 0.7130265 6.160985e-17 -0.6993356 0.7147934 1.388511e-19 0.09082952 -0.9958665 -0.06830703 0.02488452 -0.997354 0.0607218 0.03448706 -0.9975588 -0.1089793 0.05611876 -0.9924587 0.1151952 0.05743857 -0.9916808 -0.1743853 0.03930023 -0.9838929 0.1723824 0.04120398 -0.9841679 -0.2252638 0.03380497 -0.9737112 0.2275399 0.03674192 -0.9730753 -0.2874355 0.08228631 -0.9542588 0.2990188 0.09655485 -0.9493497 -0.3538839 0.01667176 -0.9351408 0.3300063 0.01667137 -0.9438315 -0.3811664 0.09656358 -0.9194497 0.3931959 0.0822928 -0.9157646 -0.4511735 0.03675768 -0.891679 0.4533252 0.03382014 -0.8907033 -0.5005689 0.04120705 -0.8647154 0.4988585 0.03930275 -0.8657919 -0.5492033 0.0574363 -0.8337127 0.5544639 0.05611429 -0.8303138 -0.5947015 0.03449887 -0.803206 0.5887599 0.02489517 -0.8079245 -0.6401297 0.09083577 -0.762878 0.6401297 0.09083577 -0.762878 -0.6934141 0.02488272 -0.7201096 0.6877355 0.0344862 -0.7251418 -0.7214163 0.05610787 -0.6902249 0.7256774 0.05742937 -0.6856342 -0.7660108 0.03930011 -0.6416253 0.7646535 0.04120348 -0.6431231 -0.7984517 0.03380571 -0.6011091 0.7997863 0.03674205 -0.5991593 -0.8335746 0.0822864 -0.5462438 0.8392924 0.09655595 -0.5350375 -0.8721876 0.01666982 -0.4888874 0.859483 0.01666997 -0.5108924 -0.8830031 0.09655347 -0.4593287 0.889849 0.08228447 -0.4487739 -0.9187809 0.03673751 -0.3930548 0.9198022 0.03380144 -0.3909236 -0.9392854 0.04120847 -0.3406536 0.9386667 0.03930542 -0.3425784 -0.9566133 0.05743769 -0.2856429 0.9584587 0.05611628 -0.2796568 -0.9718594 0.03449178 -0.2330229 0.9703405 0.02488764 -0.2404576 -0.9807372 0.09082609 -0.1729313 0.9807372 0.09082609 -0.1729313 -0.994063 0.02489127 -0.1059205 0.9929474 0.03449665 -0.1134259 -0.9963051 0.05610753 -0.06502328 0.9966183 0.0574308 -0.05876786 -0.9992271 0.03929949 0.0008708306 0.9991501 0.04120324 -0.001148699 -0.9980347 0.03381208 0.05275883 0.9978038 0.03674888 0.05511002 -0.9896733 0.08229334 0.1173654 0.9868497 0.09656566 0.1296252 -0.9835717 0.03577308 0.1769377 0.9867975 0.01667551 0.161098 -0.969759 0.1017485 0.2218441 0.9701297 0.08229262 0.2282024 -0.9564768 0.03673665 0.2894866 0.9558894 0.03380059 0.2917755 -0.9385034 0.04120472 0.3428024 0.9392666 0.03930164 0.3409304 -0.9164168 0.0574378 0.3960823 0.9139831 0.05611543 0.4018532 -0.8942718 0.0345034 0.4461922 0.8978869 0.02489931 0.4395214 -0.8624452 0.09084151 0.4979319 0.8624452 0.09084151 0.4979319 -0.8295807 0.02490209 0.5578313 0.83355 0.03450691 0.5513652 -0.8050064 0.05611115 0.5906067 0.8012257 0.05743461 0.5955994 -0.7648874 0.03929688 0.6429643 0.7661267 0.04120136 0.6413676 -0.7306252 0.03381384 0.6819409 0.7289368 0.03675166 0.6835938 -0.6826921 0.08229088 0.7260576 0.6726497 0.09655781 0.7336341 -0.6397265 0.03577927 0.7677694 0.6523785 0.01667981 0.7577097 -0.6002798 0.1017388 0.7932928 0.5964778 0.08228868 0.7984002 -0.5466277 0.03673793 0.8365695 0.5447061 0.03380226 0.8379455 -0.4985795 0.04121553 0.8658636 0.5003679 0.0393128 0.8649199 -0.4474146 0.0574441 0.8924799 0.4418403 0.0561223 0.8953365 -0.3982459 0.03450201 0.9166296 0.4053035 0.02489796 0.9138431 -0.340606 0.09083732 0.9358078 0.340606 0.09083732 0.9358078 -0.2769265 0.02488748 0.9605688 0.2841242 0.03449028 0.9581669 -0.2370363 0.05611929 0.9698786 0.2309295 0.05743958 0.9712735 -0.1726483 0.03930429 0.984199 0.1746245 0.04120793 0.9837724 -0.1213518 0.03380682 0.9920337 0.1189955 0.03674364 0.9922147 -0.05627374 0.08228973 0.9950184 0.05007672 0.1017448 0.9935494 0.003452703 0.04592756 0.9989388 -0.05445771 0.1769959 -0.9827038 0.0532933 0.1777696 -0.982628 -0.1512998 0.17829 -0.9722762 0.1518675 0.1784747 -0.9721538 -0.2361986 0.1783865 -0.9551903 0.2367688 0.1783013 -0.955065 -0.3398986 0.1754871 -0.9239444 0.3335235 0.1754872 -0.9262647 -0.432527 0.1783111 -0.8838131 0.4330439 0.1783965 -0.8835427 -0.5085535 0.1784675 -0.8423317 0.5090673 0.1782834 -0.8420603 -0.5907952 0.177771 -0.7869934 0.5899531 0.1769983 -0.7877988 -0.6733871 0.1769967 -0.7177896 0.6724466 0.1777702 -0.7184799 -0.740867 0.1782895 -0.6475561 0.7412228 0.178474 -0.6470979 -0.7949231 0.1783847 -0.5798933 0.7952799 0.1782999 -0.5794299 -0.8542762 0.175496 -0.4892989 0.8508837 0.1754962 -0.4951748 -0.8994408 0.1783032 -0.3990166 0.8996633 0.1783871 -0.398477 -0.9310154 0.178465 -0.3183717 0.9312349 0.1782798 -0.317833 -0.9584448 0.1777737 -0.2231144 0.9583171 0.1770008 -0.2242745 -0.9772292 0.1770035 -0.1170163 0.9769527 0.1777763 -0.1181483 -0.9837785 0.1782877 -0.01983541 0.9837565 0.1784722 -0.01925538 -0.9816924 0.1783966 0.0667441 0.9816681 0.1783111 0.06732683 -0.9689306 0.1754869 0.1742924 0.9701087 0.1754869 0.1676109 -0.9454947 0.1783001 0.2724863 0.9453185 0.1783844 0.2730421 -0.9178455 0.1784595 0.3545587 0.9176676 0.1782743 0.355112 -0.8776264 0.1777759 0.4451603 0.8782739 0.1770031 0.4441902 -0.823818 0.1770039 0.5385104 0.8243335 0.1777768 0.537466 -0.7663677 0.1782841 0.6171671 0.765978 0.1784687 0.6175975 -0.7091157 0.1784006 0.6821497 0.7087231 0.178315 0.6825799 -0.630211 0.1754939 0.7563306 0.6354068 0.1754936 0.7519709 -0.5491414 0.1782981 0.8164885 0.5486485 0.1783822 0.8168015 -0.4752017 0.1784706 0.8615867 0.4747106 0.178285 0.8618957 -0.3861582 0.1777707 0.9051406 0.3872771 0.1769979 0.9048139 -0.2849304 0.1769946 0.9420656 0.2859993 0.1777682 0.9415959 -0.1903653 0.1782816 0.9653894 0.1897887 0.1784669 0.9654687 -0.1047402 0.1783986 0.9783677 0.1041631 0.1783139 0.9784448 0.003391634 0.1754836 0.9844765 -0.04685619 0.3411355 -0.9388456 0.04685677 0.3411353 -0.9388456 -0.1401023 0.3411452 -0.9295113 0.1401012 0.3411454 -0.9295114 -0.2319544 0.3411363 -0.9109463 0.2319549 0.3411366 -0.9109461 -0.3215042 0.3411359 -0.8833241 0.321504 0.3411362 -0.883324 -0.407857 0.3411329 -0.8469244 0.4078576 0.341133 -0.8469241 -0.4901564 0.3411397 -0.8021038 0.4901556 0.3411397 -0.8021042 -0.5675847 0.3411316 -0.7493176 0.5675855 0.3411316 -0.749317 -0.6393704 0.3411413 -0.6890777 0.6393702 0.3411404 -0.6890783 -0.7048036 0.3411402 -0.621993 0.7048035 0.3411405 -0.6219929 -0.7632322 0.3411384 -0.5487269 0.7632323 0.3411382 -0.5487269 -0.8140759 0.3411373 -0.4700062 0.814076 0.3411366 -0.4700064 -0.8568286 0.3411338 -0.3866167 0.8568284 0.341135 -0.3866161 -0.8910638 0.3411392 -0.2993816 0.8910636 0.3411395 -0.299382 -0.9164455 0.3411365 -0.2091733 0.9164457 0.341136 -0.2091733 -0.9327196 0.3411335 -0.116885 0.9327198 0.3411333 -0.1168841 -0.9397183 0.3411458 -0.02343367 0.9397183 0.3411456 -0.02343507 -0.9373862 0.3411341 0.07024721 0.937386 0.3411345 0.07024819 -0.9257319 0.3411395 0.163231 0.9257318 0.3411397 0.1632307 -0.9048791 0.3411397 0.2545929 0.9048792 0.3411398 0.2545923 -0.8750362 0.3411298 0.3434271 0.8750358 0.3411301 0.3434277 -0.836493 0.3411316 0.4288458 0.8364929 0.3411319 0.4288457 -0.7896373 0.3411335 0.5100008 0.7896373 0.3411328 0.5100012 -0.734931 0.3411399 0.5860887 0.7349317 0.341139 0.5860884 -0.6729253 0.3411336 0.6563531 0.6729249 0.3411339 0.6563533 -0.6042306 0.3411343 0.7200922 0.6042301 0.341135 0.7200922 -0.5295271 0.3411419 0.7766745 0.5295279 0.3411422 0.7766738 -0.4495665 0.3411314 0.8255419 0.449566 0.3411317 0.825542 -0.365136 0.3411293 0.8662023 0.3651357 0.3411293 0.8662025 -0.2770737 0.3411337 0.8982527 0.2770742 0.3411331 0.8982528 -0.1862606 0.3411297 0.9213781 0.1862596 0.3411291 0.9213785 -0.09359508 0.3411417 0.9353407 0.0935959 0.3411421 0.9353405 -9.885196e-08 0.3411406 0.9400123 -0.04320283 0.4988112 -0.8656332 0.04320213 0.4988106 -0.8656336 -0.1291772 0.4987996 -0.8570369 0.1291785 0.4987993 -0.8570369 -0.2138673 0.4988085 -0.8399112 0.2138669 0.4988091 -0.839911 -0.2964327 0.4988128 -0.8144406 0.2964319 0.4988124 -0.8144411 -0.3760545 0.4988014 -0.7808842 0.3760555 0.4988009 -0.780884 -0.4519351 0.4988061 -0.7395588 0.4519347 0.4988062 -0.7395589 -0.5233256 0.4988061 -0.6908855 0.5233257 0.4988061 -0.6908854 -0.5895149 0.4988077 -0.6353448 0.5895143 0.4988081 -0.635345 -0.649847 0.4988003 -0.5734956 0.6498479 0.4988004 -0.5734944 -0.7037134 0.4988163 -0.5059345 0.7037121 0.4988166 -0.5059361 -0.7505986 0.4987995 -0.4333598 0.7505991 0.4987998 -0.4333586 -0.7900158 0.498804 -0.3564681 0.7900163 0.498803 -0.3564685 -0.8215816 0.4988058 -0.276037 0.8215817 0.4988056 -0.2760371 -0.8449828 0.4988067 -0.1928625 0.8449823 0.4988077 -0.192862 -0.8599826 0.4988145 -0.1077687 0.8599825 0.4988144 -0.1077696 -0.8664431 0.498808 -0.02160744 0.8664433 0.4988076 -0.02160749 -0.8642932 0.4988007 0.06476953 0.8642933 0.4988005 0.06477036 -0.8535461 0.4988064 0.1505033 0.8535462 0.4988063 0.1505032 -0.8343176 0.4988101 0.2347396 0.8343176 0.4988103 0.2347391 -0.8068007 0.4988066 0.3166459 0.8068007 0.4988064 0.3166462 -0.7712633 0.4988072 0.395404 0.7712633 0.498807 0.3954042 -0.7280594 0.4988114 0.4702304 0.7280594 0.4988119 0.47023 -0.677622 0.4988102 0.5403857 0.677622 0.4988108 0.5403853 -0.6204524 0.4988036 0.6051725 0.6204522 0.4988033 0.605173 -0.5571133 0.4988045 0.6639419 0.5571134 0.4988037 0.6639424 -0.4882366 0.4988078 0.7161116 0.488237 0.4988077 0.7161114 -0.4145093 0.4988054 0.761167 0.4145086 0.4988058 0.7611671 -0.3366603 0.4988137 0.7986518 0.3366611 0.4988139 0.7986514 -0.2554681 0.4988085 0.8282066 0.2554679 0.4988088 0.8282064 -0.1717355 0.4988051 0.8495295 0.1717353 0.4988053 0.8495295 -0.0862969 0.4988055 0.862407 0.08629661 0.498805 0.8624073 3.279093e-07 0.4988103 0.8667112 -0.03824066 0.6414364 -0.7662226 0.03824001 0.6414371 -0.766222 -0.1143422 0.6414282 -0.7586144 0.1143429 0.6414282 -0.7586142 -0.189308 0.6414297 -0.7434584 0.1893081 0.6414288 -0.7434592 -0.2623919 0.6414286 -0.720916 0.2623913 0.6414289 -0.7209159 -0.3328706 0.6414204 -0.6912142 0.3328713 0.641421 -0.6912133 -0.4000371 0.6414265 -0.6546314 0.4000368 0.6414264 -0.6546317 -0.4632291 0.6414262 -0.6115483 0.4632292 0.6414262 -0.6115482 -0.5218169 0.6414284 -0.5623849 0.5218167 0.6414282 -0.5623853 -0.5752215 0.6414254 -0.5076353 0.5752221 0.6414251 -0.5076351 -0.6229038 0.6414303 -0.4478371 0.6229036 0.6414302 -0.4478375 -0.6643985 0.6414303 -0.3835906 0.6643984 0.6414305 -0.3835904 -0.699289 0.6414321 -0.315531 0.6992883 0.6414326 -0.3155315 -0.7272376 0.6414233 -0.2443393 0.727238 0.6414232 -0.2443384 -0.7479483 0.6414282 -0.170714 0.7479489 0.6414275 -0.1707138 -0.761222 0.641437 -0.09539232 0.7612218 0.6414369 -0.09539394 -0.7669484 0.6414236 -0.01912769 0.766948 0.6414242 -0.01912627 -0.7650364 0.6414299 0.05733203 0.7650362 0.6414303 0.05733127 -0.7555293 0.6414264 0.1332201 0.7555295 0.6414261 0.1332207 -0.7385075 0.6414302 0.2077832 0.7385075 0.6414303 0.2077832 -0.7141452 0.6414347 0.2802823 0.7141453 0.6414349 0.2802816 -0.682694 0.6414287 0.3499972 0.6826941 0.6414285 0.3499976 -0.6444552 0.6414265 0.4162326 0.6444551 0.6414261 0.4162333 -0.5998042 0.6414336 0.4783281 0.5998046 0.6414336 0.4783277 -0.549198 0.6414326 0.5356732 0.5491983 0.6414328 0.5356727 -0.4931386 0.641424 0.5876986 0.4931379 0.6414242 0.5876989 -0.4321713 0.6414247 0.6338788 0.4321712 0.6414248 0.6338788 -0.366909 0.6414261 0.6737584 0.3669093 0.6414255 0.6737588 -0.2980014 0.6414256 0.706943 0.2980012 0.6414255 0.7069432 -0.2261312 0.641429 0.7330986 0.2261311 0.6414293 0.7330983 -0.1520127 0.6414339 0.7519672 0.1520137 0.6414337 0.7519671 -0.07638766 0.641424 0.7633742 0.07638695 0.6414239 0.7633744 1.874097e-08 0.641424 0.7671866 -0.03212073 0.7646806 -0.6436085 0.03212131 0.7646805 -0.6436085 -0.09604346 0.7646871 -0.6372043 0.09604233 0.7646873 -0.6372042 -0.1590122 0.764681 -0.6244823 0.1590124 0.7646814 -0.6244817 -0.2204011 0.7646788 -0.6055491 0.2204019 0.764679 -0.6055486 -0.2795961 0.7646869 -0.5805858 0.2795955 0.7646868 -0.5805864 -0.3360149 0.7646857 -0.5498634 0.3360151 0.7646856 -0.5498634 -0.3890935 0.7646866 -0.5136737 0.3890933 0.7646865 -0.513674 -0.4383072 0.7646836 -0.4723831 0.4383072 0.7646836 -0.472383 -0.4831657 0.7646811 -0.4263962 0.4831657 0.7646812 -0.426396 -0.5232203 0.764681 -0.3761694 0.5232205 0.764681 -0.3761691 -0.5580695 0.7646858 -0.3222017 0.5580694 0.7646856 -0.3222024 -0.5873801 0.7646831 -0.2650364 0.5873806 0.7646828 -0.2650363 -0.6108501 0.7646835 -0.2052349 0.6108497 0.7646838 -0.2052349 -0.6282491 0.764684 -0.1433929 0.628249 0.7646839 -0.1433933 -0.6394101 0.7646791 -0.08012868 0.6394101 0.7646792 -0.08012812 -0.6442088 0.764681 -0.01606598 0.6442087 0.764681 -0.01606542 -0.6425973 0.7646892 0.04815694 0.6425979 0.7646888 0.04815564 -0.6346183 0.7646816 0.1118999 0.6346182 0.7646816 0.1119007 -0.6203212 0.7646832 0.1745312 0.6203213 0.7646831 0.1745314 -0.5998561 0.7646875 0.2354265 0.5998564 0.7646875 0.235426 -0.5734371 0.764685 0.2939843 0.5734367 0.7646853 0.2939842 -0.5413176 0.7646835 0.3496203 0.5413176 0.7646835 0.3496202 -0.5038187 0.7646817 0.4017818 0.5038186 0.7646815 0.4017822 -0.4613083 0.7646845 0.449947 0.4613085 0.7646847 0.4499465 -0.4142184 0.7646817 0.4936445 0.4142177 0.7646819 0.4936449 -0.3630029 0.7646884 0.532429 0.3630039 0.7646882 0.5324285 -0.3081905 0.7646819 0.5659331 0.3081898 0.7646822 0.5659331 -0.2503096 0.7646835 0.5938049 0.2503096 0.7646836 0.5938048 -0.1899413 0.7646844 0.615776 0.1899415 0.7646839 0.6157766 -0.1276862 0.7646848 0.6316275 0.1276866 0.764685 0.6316272 -0.06416338 0.76468 0.6412079 0.06416259 0.7646803 0.6412076 3.186444e-07 0.7646837 0.6444058 -0.02502645 0.8648243 -0.5014506 0.02502656 0.8648241 -0.5014508 -0.07483002 0.8648252 -0.4964654 0.07483003 0.8648251 -0.4964656 -0.1238895 0.864826 -0.4865464 0.1238897 0.8648259 -0.4865464 -0.171717 0.8648285 -0.4717891 0.171717 0.8648284 -0.4717893 -0.217838 0.8648305 -0.4523438 0.2178375 0.8648303 -0.4523442 -0.2617971 0.8648266 -0.4284124 0.2617976 0.8648266 -0.4284121 -0.3031513 0.8648275 -0.4002159 0.3031511 0.8648276 -0.4002158 -0.3414945 0.8648265 -0.3680442 0.3414946 0.8648267 -0.3680438 -0.3764411 0.8648282 -0.3322112 0.3764409 0.8648282 -0.3322113 -0.4076492 0.8648274 -0.2930795 0.4076496 0.8648273 -0.2930796 -0.4348045 0.8648275 -0.2510347 0.4348043 0.8648276 -0.2510349 -0.4576414 0.8648258 -0.2064963 0.4576411 0.8648261 -0.2064959 -0.4759264 0.8648267 -0.1599027 0.4759267 0.8648266 -0.1599025 -0.4894771 0.86483 -0.1117193 0.4894768 0.8648301 -0.1117202 -0.4981773 0.8648247 -0.06243037 0.4981775 0.8648247 -0.06242931 -0.501911 0.8648287 -0.01251617 0.5019114 0.8648284 -0.01251679 -0.5006658 0.8648272 0.03751977 0.5006655 0.8648273 0.03751963 -0.4944461 0.8648249 0.08718357 0.4944457 0.864825 0.08718399 -0.483305 0.8648268 0.1359813 0.4833051 0.8648268 0.135981 -0.467366 0.8648256 0.1834277 0.467366 0.8648255 0.1834278 -0.4467802 0.8648256 0.2290503 0.4467804 0.8648255 0.2290505 -0.4217528 0.8648264 0.2723967 0.4217526 0.8648265 0.2723966 -0.3925337 0.8648272 0.3130355 0.3925336 0.8648273 0.3130353 -0.3594158 0.8648269 0.3505634 0.3594159 0.8648268 0.3505637 -0.3227238 0.8648274 0.3846074 0.3227236 0.8648274 0.3846078 -0.2828221 0.8648308 0.4148244 0.2828228 0.8648309 0.4148238 -0.2401182 0.8648264 0.4409292 0.2401173 0.8648263 0.4409299 -0.1950176 0.8648318 0.4626382 0.1950186 0.8648317 0.4626379 -0.1479876 0.8648277 0.4797632 0.1479874 0.8648278 0.4797631 -0.09948446 0.8648251 0.4921183 0.0994837 0.8648251 0.4921185 -0.04998958 0.8648293 0.4995711 0.04999002 0.8648292 0.4995712 4.161479e-08 0.8648297 0.5020653 -0.01716979 0.938803 -0.3440263 0.01716952 0.938803 -0.3440264 -0.0513387 0.9388014 -0.3406117 0.05133906 0.9388013 -0.3406117 -0.08499743 0.9388019 -0.3338061 0.08499751 0.9388019 -0.3338061 -0.117811 0.9388028 -0.3236817 0.1178106 0.9388028 -0.323682 -0.1494556 0.9388008 -0.3103483 0.1494558 0.9388009 -0.310348 -0.1796143 0.9388004 -0.2939261 0.1796143 0.9388005 -0.2939258 -0.207987 0.9388007 -0.2745808 0.207987 0.9388007 -0.2745809 -0.2342919 0.9388011 -0.2525071 0.2342921 0.9388011 -0.252507 -0.2582662 0.9388028 -0.2279206 0.2582659 0.9388028 -0.2279211 -0.2796796 0.9388013 -0.2010759 0.2796795 0.9388013 -0.2010758 -0.298313 0.9388002 -0.1722314 0.2983132 0.9388002 -0.1722308 -0.3139731 0.9388027 -0.1416699 0.3139731 0.9388026 -0.1416704 -0.3265192 0.9388025 -0.1097044 0.3265193 0.9388025 -0.1097045 -0.3358205 0.9388022 -0.07664884 0.3358205 0.9388022 -0.07664877 -0.3417834 0.9388022 -0.04283115 0.3417833 0.9388023 -0.04283126 -0.3443515 0.9388015 -0.008587324 0.3443513 0.9388016 -0.008587429 -0.3434988 0.9388003 0.02574129 0.3434988 0.9388003 0.02574181 -0.339224 0.9388021 0.05981443 0.3392241 0.938802 0.05981413 -0.331583 0.938802 0.09329312 0.3315831 0.9388019 0.09329307 -0.3206479 0.9388013 0.1258451 0.3206479 0.9388013 0.1258451 -0.3065266 0.9388005 0.1571468 0.3065263 0.9388005 0.1571469 -0.2893543 0.9388014 0.186885 0.2893544 0.9388014 0.1868851 -0.2693068 0.9388022 0.2147655 0.2693071 0.9388022 0.2147654 -0.2465861 0.9388018 0.2405131 0.2465859 0.9388018 0.240513 -0.2214136 0.9388016 0.2638705 0.2214136 0.9388015 0.2638707 -0.1940393 0.9388022 0.2846035 0.1940394 0.9388022 0.2846035 -0.1647382 0.9388018 0.3025102 0.1647382 0.9388019 0.3025101 -0.1337993 0.9388017 0.31741 0.1337992 0.9388017 0.31741 -0.1015309 0.938802 0.329154 0.101531 0.938802 0.3291538 -0.06825347 0.9388012 0.3376297 0.06825325 0.9388011 0.3376299 -0.03429674 0.9388018 0.3427461 0.03429693 0.9388018 0.3427462 -6.47553e-08 0.9388014 0.3444589 -0.008789186 0.9843314 -0.176109 0.008789067 0.9843315 -0.1761089 -0.02628044 0.9843311 -0.1743607 0.02628058 0.9843311 -0.1743606 -0.04351066 0.9843312 -0.1708767 0.04351071 0.9843312 -0.1708768 -0.06030799 0.9843314 -0.1656942 0.0603077 0.9843315 -0.1656942 -0.07650722 0.9843308 -0.1588694 0.07650751 0.9843308 -0.1588692 -0.09194426 0.9843313 -0.15046 0.09194425 0.9843312 -0.1504602 -0.106468 0.9843313 -0.1405573 0.1064679 0.9843314 -0.1405573 -0.1199351 0.984331 -0.1292593 0.1199353 0.984331 -0.1292592 -0.1322075 0.9843315 -0.1166736 0.1322073 0.9843315 -0.1166738 -0.1431696 0.9843309 -0.1029322 0.1431697 0.984331 -0.1029319 -0.1527054 0.9843313 -0.08816438 0.1527055 0.9843313 -0.08816448 -0.1607233 0.9843316 -0.072521 0.1608283 0.984279 -0.07300088 -0.1671473 0.9843312 -0.05615853 0.167651 0.9842649 -0.05581852 -0.1719086 0.9843312 -0.039237 0.1719085 0.9843312 -0.03923698 -0.1749612 0.9843312 -0.02192561 0.1749612 0.9843312 -0.02192557 -0.1762741 0.9843313 -0.00439593 0.176274 0.9843313 -0.004396019 -0.1758366 0.9843312 0.01317704 0.1758366 0.9843312 0.01317714 -0.1736497 0.9843314 0.03061923 0.1736499 0.9843313 0.03061915 -0.1697389 0.9843312 0.04775714 0.1697388 0.9843312 0.04775706 -0.164142 0.9843309 0.06442069 0.1641418 0.984331 0.06442082 -0.1569105 0.9843312 0.08044348 0.1569107 0.9843312 0.08044357 -0.1481201 0.9843314 0.09566644 0.1481202 0.9843314 0.09566625 -0.137861 0.984331 0.1099403 0.1378608 0.984331 0.1099404 -0.1262288 0.9843312 0.1231198 0.1262287 0.9843311 0.1231198 -0.1133411 0.9843315 0.1350752 0.1133413 0.9843315 0.1350749 -0.09933055 0.9843311 0.1456908 0.09933033 0.9843311 0.145691 -0.08432952 0.9843315 0.1548551 0.08432981 0.9843315 0.154855 -0.06917173 0.9842512 0.1626803 0.06849279 0.984331 0.1624848 -0.05176239 0.9842942 0.1687769 0.0519738 0.9843315 0.1684939 -0.03493886 0.9843314 0.1728322 0.03493887 0.9843314 0.1728321 -0.01755676 0.9843312 0.1754534 0.01755672 0.9843312 0.1754533 -4.524333e-08 0.984331 0.1763304 -0.002243145 0.9989869 -0.0449467 0.0022432 0.9989869 -0.04494673 -0.006707165 0.9989869 -0.0444991 0.006707119 0.9989869 -0.04449914 -0.01110457 0.9989869 -0.04361016 0.01110455 0.9989869 -0.04361016 -9.130647e-18 0.7272582 0.686364 0.1191831 0.7272618 0.6759332 -0.1191831 0.7272618 0.6759332 0.2347527 0.7272609 0.6449672 -0.2347527 0.7272609 0.6449672 0.3431838 0.7272595 0.594406 -0.3431838 0.7272595 0.594406 -0.01539149 0.9989869 -0.04228797 0.01539156 0.9989869 -0.04228797 0.4411848 0.7272601 0.5257839 -0.4411848 0.7272601 0.5257839 0.5257831 0.7272605 0.4411851 -0.5257831 0.7272605 0.4411851 0.5944063 0.7272599 0.3431824 -0.5944063 0.7272599 0.3431824 -0.01952525 0.9989869 -0.04054459 0.01952518 0.9989869 -0.04054463 0.6449681 0.7272612 0.2347494 -0.6449681 0.7272612 0.2347494 0.675935 0.7272599 0.1191845 -0.675935 0.7272599 0.1191845 -0.02346549 0.9989869 -0.03839952 0.02346548 0.9989869 -0.03839948 0.6863616 0.7272604 9.130623e-18 -0.6863616 0.7272604 -6.087082e-18 0.6759341 0.7272604 -0.1191859 -0.6759341 0.7272604 -0.1191859 0.6449699 0.7272598 -0.234749 -0.6449699 0.7272598 -0.234749 -0.02717244 0.9989869 -0.03587267 0.02717247 0.9989869 -0.03587264 0.5944068 0.7272608 -0.3431796 -0.5944068 0.7272608 -0.3431796 0.5257831 0.7272605 -0.4411851 -0.5257831 0.7272605 -0.4411851 0.4411848 0.7272601 -0.5257839 -0.4411848 0.7272601 -0.5257839 0.3431838 0.7272595 -0.594406 -0.3431838 0.7272595 -0.594406 0.2347464 0.727263 -0.6449672 -0.2347464 0.727263 -0.6449672 0.119184 0.7272576 -0.6759375 -0.119184 0.7272576 -0.6759375 -3.652241e-17 0.7272624 -0.6863595 -0.03060911 0.9989869 -0.03298868 0.03060904 0.9989869 -0.03298871 -0.03374218 0.9989869 -0.02977769 0.03374227 0.9989869 -0.02977761 -0.009828492 0.9999034 -0.009828492 -0.0001645073 0.9991942 -0.0401354 0.01092344 0.9998807 -0.01092344 -0.03653843 0.9989869 -0.02626934 0.03653841 0.9989869 -0.02626943 -0.03897265 0.9989869 -0.02250081 0.03897261 0.9989869 -0.02250081 -0.04101982 0.9989869 -0.01850886 0.04053587 0.9990004 -0.0188422 0.04537521 0.998812 -0.0177675 -0.03925989 0.999229 0 0.04361957 0.9990482 0 -0.0426589 0.9989869 -0.01433263 0.04249526 0.999004 -0.01360512 -0.04387362 0.9989869 -0.01001386 0.04387361 0.9989869 -0.01001389 -0.04465299 0.9989869 -0.005595784 0.044653 0.9989869 -0.00559575 -9.130623e-18 0.7272604 0.6863616 -9.130623e-18 0.7272604 0.6863616 0.1191845 0.7272599 0.675935 -0.1191859 0.7272604 0.6759341 0.1191859 0.7272604 0.6759341 -0.1191845 0.7272599 0.675935 0.2347494 0.7272612 0.6449681 -0.234749 0.7272598 0.6449699 0.234749 0.7272598 0.6449699 -0.2347494 0.7272612 0.6449681 0.3431824 0.7272599 0.5944063 -0.3431796 0.7272608 0.5944068 0.3431796 0.7272608 0.5944068 -0.3431824 0.7272599 0.5944063 0.4411851 0.7272605 0.5257831 -0.4411851 0.7272605 0.5257831 0.4411851 0.7272605 0.5257831 -0.4411851 0.7272605 0.5257831 0.5257839 0.7272601 0.4411848 -0.5257839 0.7272601 0.4411848 0.5257839 0.7272601 0.4411848 -0.5257839 0.7272601 0.4411848 0.594406 0.7272595 0.3431838 -0.594406 0.7272595 0.3431838 0.594406 0.7272595 0.3431838 -0.594406 0.7272595 0.3431838 0.6449672 0.7272609 0.2347527 -0.6449672 0.727263 0.2347464 0.6449672 0.727263 0.2347464 -0.6449672 0.7272609 0.2347527 -0.04498785 0.9989869 -0.001121908 0.04498788 0.9989869 -0.001121906 0.6759332 0.7272618 0.1191831 -0.6759375 0.7272576 0.119184 0.6759375 0.7272576 0.119184 -0.6759332 0.7272618 0.1191831 -0.686364 0.7272582 5.180729e-14 0.6863595 0.7272624 5.174921e-14 -0.6863595 0.7272624 -5.214791e-14 0.686364 0.7272582 -5.218774e-14 0.6759332 0.7272618 -0.1191831 -0.6759375 0.7272576 -0.119184 0.6759375 0.7272576 -0.119184 -0.6759332 0.7272618 -0.1191831 0.6449672 0.7272609 -0.2347527 -0.6449672 0.727263 -0.2347464 0.6449672 0.727263 -0.2347464 -0.6449672 0.7272609 -0.2347527 0.594406 0.7272595 -0.3431838 -0.594406 0.7272595 -0.3431838 0.594406 0.7272595 -0.3431838 -0.594406 0.7272595 -0.3431838 0.5257839 0.7272601 -0.4411848 -0.5257839 0.7272601 -0.4411848 0.5257839 0.7272601 -0.4411848 -0.5257839 0.7272601 -0.4411848 -0.04487563 0.9989869 0.003362986 0.04487563 0.9989869 0.003362928 0.4411851 0.7272605 -0.5257831 -0.4411851 0.7272605 -0.5257831 0.4411851 0.7272605 -0.5257831 -0.4411851 0.7272605 -0.5257831 0.3431824 0.7272599 -0.5944063 -0.3431796 0.7272608 -0.5944068 0.3431796 0.7272608 -0.5944068 -0.3431824 0.7272599 -0.5944063 0.2347494 0.7272612 -0.6449681 -0.234749 0.7272598 -0.6449699 0.234749 0.7272598 -0.6449699 -0.2347494 0.7272612 -0.6449681 0.1191845 0.7272599 -0.675935 -0.1191859 0.7272604 -0.6759341 0.1191859 0.7272604 -0.6759341 -0.1191845 0.7272599 -0.675935 6.087082e-18 0.7272604 -0.6863616 6.087082e-18 0.7272604 -0.6863616 -0.04431842 0.9989869 0.00781452 0.04431837 0.9989869 0.007814504 -0.0433208 0.9989869 0.01218851 0.04332078 0.9989869 0.01218859 -0.04189121 0.9989869 0.0164411 0.04189126 0.9989869 0.01644111 -0.04004548 0.9989869 0.02053017 0.0400455 0.9989869 0.02053002 -0.03780395 0.9989868 0.02441629 0.03780383 0.9989868 0.02441641 -0.009828492 0.9999034 0.009828492 -6.358584e-05 0.9990498 0.04358382 0.01092344 0.9998807 0.01092344 -0.03518411 0.9989869 0.02805849 0.03518418 0.9989869 0.02805847 -0.03221567 0.9989869 0.03142229 0.03221565 0.9989869 0.03142236 -2.434827e-16 0.7272624 0.6863595 0.119184 0.7272576 0.6759375 -0.119184 0.7272576 0.6759375 0.2347464 0.727263 0.6449672 -0.2347464 0.727263 0.6449672 0.3431838 0.7272595 0.594406 -0.3431838 0.7272595 0.594406 0.4411848 0.7272601 0.5257839 -0.4411848 0.7272601 0.5257839 -0.02892625 0.9989869 0.03447308 0.02892633 0.9989869 0.03447303 0.5257831 0.7272605 0.4411851 -0.5257831 0.7272605 0.4411851 0.5944068 0.7272608 0.3431796 -0.5944068 0.7272608 0.3431796 0.6449699 0.7272598 0.234749 -0.6449699 0.7272598 0.234749 -0.02535052 0.9989869 0.03718234 0.02535049 0.9989869 0.03718233 0.6759341 0.7272604 0.1191859 -0.6759341 0.7272604 0.1191859 0.6863616 0.7272604 9.130623e-18 -0.6863616 0.7272604 -6.087082e-18 0.675935 0.7272599 -0.1191845 -0.675935 0.7272599 -0.1191845 -0.02152249 0.9989869 0.03952192 0.0215225 0.9989869 0.03952188 0.6449681 0.7272612 -0.2347494 -0.6449681 0.7272612 -0.2347494 0.5944063 0.7272599 -0.3431824 -0.5944063 0.7272599 -0.3431824 0.5257831 0.7272605 -0.4411851 -0.5257831 0.7272605 -0.4411851 -0.0180158 0.9990079 0.0407267 0.01748062 0.9989869 0.04146902 0.4411848 0.7272601 -0.5257839 -0.4411848 0.7272601 -0.5257839 -0.01655021 0.9988466 0.04507259 0.3431838 0.7272595 -0.594406 -0.3431838 0.7272595 -0.594406 0.2347527 0.7272609 -0.6449672 -0.2347527 0.7272609 -0.6449672 0.1191831 0.7272618 -0.6759332 -0.1191831 0.7272618 -0.6759332 -0.01286067 0.9989964 0.04290346 0.01326481 0.9989869 0.04300356 -3.774001e-16 0.7272582 -0.686364 -0.008916997 0.9989869 0.04410984 0.008917049 0.9989869 0.04410986 -0.004480787 0.9989869 0.04477852 0.004480757 0.9989869 0.04477854 3.090391e-08 0.9989869 0.0450016 -0.05918898 0.9964896 -0.05920355 -0.05272006 0.9973014 0.05109404 -0.09654629 0.9915758 0.08634915 0.06359452 0.9959475 -0.06359492 0.06584838 0.9956579 0.06579766 0.1341094 0.9818501 -0.1341086 -0.1389688 0.9804678 -0.1391785 -0.1345405 0.9817725 0.1342448 -0.1787839 0.9679733 0.1762496 0.1778465 0.9678667 -0.177777 0.1552772 0.9756909 0.154649 0.220052 0.9504807 -0.219462 -0.2211556 0.9499558 -0.2206225 -0.2202655 0.9503146 0.2199663 -0.2655833 0.9274387 0.2632926 0.2648175 0.9272586 -0.2646945 0.2471115 0.9371716 0.2462628 0.3084291 0.9001653 -0.3075287 -0.305565 0.9020489 -0.304857 -0.3085378 0.8998882 0.30823 -0.3549454 0.8656995 0.3529562 0.3543893 0.8654243 -0.3541878 0.3421251 0.8755431 0.3411374 0.3991677 0.8260041 -0.3979729 -0.3923234 0.8323477 -0.3915094 -0.3991762 0.8255738 0.3988562 -0.4459901 0.7769688 0.4443111 0.4457685 0.7764262 -0.4454805 0.431502 0.7926931 0.4306318 -0.4725394 0.7443669 -0.471831 0.4906026 0.7210356 -0.4893023 -0.4900051 0.7210596 0.4898654 0.4949126 0.7142016 0.494952 -0.5281751 0.6649105 -0.5281336 0.5351875 0.6535384 -0.5352214 -0.5351621 0.6535517 0.5352305 0.5411865 0.6434445 0.5413837 -0.5688474 0.5941325 -0.5686996 0.5765592 0.5788127 -0.5766761 -0.5767173 0.5788413 0.5764893 0.5851842 0.5611922 0.5853398 -0.6060205 0.5153156 -0.6059612 0.6160234 0.490884 -0.6160748 -0.61596 0.4909659 0.6160729 0.6247532 0.4678097 0.62517 -0.6440866 0.4132846 0.6436989 -0.6398013 0.4260279 -0.6396519 0.6438836 0.4132201 -0.6439433 0.6589421 0.3628612 0.6588832 0.6652789 0.3390719 -0.6651573 -0.6651591 0.3390109 0.6653082 -0.6678287 0.328562 -0.6678711 0.6823011 0.2622559 -0.6824127 -0.6866359 0.239089 0.6865621 0.6850858 0.248039 0.6849337 -0.6891555 0.2236968 -0.6892202 0.6925747 0.2013538 -0.6926738 0.7015154 0.1261297 0.7014039 -0.7025555 0.1132762 -0.7025555 0.7025816 0.1132481 -0.702534 -0.7020992 0.1197201 0.7019429 -0.7068275 0.02810181 -0.7068275 0.7068275 0.02810181 -0.7068275 -0.7068541 0.02813658 0.7067996 0.7067866 0.03123142 0.7067371 -0.5773503 0.5773503 -0.5773503 0.5773503 0.5773503 -0.5773503 -0.5773503 0.5773503 0.5773503 0.5773503 0.5773503 0.5773503</float_array>
          <technique_common>
            <accessor count="1088" source="#normals-array-array" stride="3">
              <param type="float" name="X"/>
              <param type="float" name="Y"/>
              <param type="float" name="Z"/>
            </accessor>
          </technique_common>
        </source>
        <vertices id="verts-array-vertices">
          <input semantic="POSITION" source="#verts-array"/>
        </vertices>
        <triangles count="2188" material="material0">
          <input offset="0" semantic="VERTEX" source="#verts-array-vertices"/>
          <input offset="1" semantic="NORMAL" source="#normals-array"/>
          <p>810 810 808 808 7 7 9 9 810 810 7 7 808 808 8 8 7 7 809 809 10 10 8 8 808 808 809 809 8 8 812 812 810 810 9 9 11 11 812 812 9 9 811 811 12 12 10 10 809 809 811 811 10 10 814 814 812 812 11 11 13 13 814 814 11 11 813 813 14 14 12 12 811 811 813 813 12 12 818 818 814 814 13 13 15 15 818 818 13 13 817 817 16 16 14 14 813 813 817 817 14 14 820 820 818 818 15 15 17 17 820 820 15 15 819 819 20 20 16 16 817 817 819 819 16 16 822 822 820 820 17 17 21 21 822 822 17 17 821 821 22 22 20 20 819 819 821 821 20 20 826 826 822 822 21 21 23 23 826 826 21 21 825 825 24 24 22 22 821 821 825 825 22 22 828 828 826 826 23 23 25 25 828 828 23 23 827 827 26 26 24 24 825 825 827 827 24 24 832 832 828 828 25 25 27 27 832 832 25 25 831 831 28 28 26 26 827 827 831 831 26 26 834 834 832 832 27 27 29 29 834 834 27 27 833 833 32 32 28 28 831 831 833 833 28 28 836 836 834 834 29 29 33 33 836 836 29 29 835 835 34 34 32 32 833 833 835 835 32 32 840 840 836 836 33 33 35 35 840 840 33 33 839 839 36 36 34 34 835 835 839 839 34 34 842 842 840 840 35 35 37 37 842 842 35 35 841 841 38 38 36 36 839 839 841 841 36 36 844 844 842 842 37 37 39 39 844 844 37 37 843 843 40 40 38 38 841 841 843 843 38 38 846 846 844 844 39 39 41 41 846 846 39 39 845 845 42 42 40 40 843 843 845 845 40 40 848 848 846 846 41 41 43 43 848 848 41 41 847 847 44 44 42 42 845 845 847 847 42 42 850 850 848 848 43 43 45 45 850 850 43 43 849 849 46 46 44 44 847 847 849 849 44 44 851 851 850 850 45 45 46 46 851 851 45 45 849 849 851 851 46 46 879 879 875 875 58 58 62 62 879 879 58 58 875 875 61 61 58 58 878 878 65 65 61 61 875 875 878 878 61 61 883 883 879 879 62 62 66 66 883 883 62 62 882 882 69 69 65 65 878 878 882 882 65 65 887 887 883 883 66 66 70 70 887 887 66 66 886 886 73 73 69 69 882 882 886 886 69 69 891 891 887 887 70 70 74 74 891 891 70 70 890 890 77 77 73 73 886 886 890 890 73 73 895 895 891 891 74 74 78 78 895 895 74 74 894 894 81 81 77 77 890 890 894 894 77 77 899 899 895 895 78 78 82 82 899 899 78 78 898 898 87 87 81 81 894 894 898 898 81 81 903 903 899 899 82 82 88 88 903 903 82 82 902 902 91 91 87 87 898 898 902 902 87 87 909 909 903 903 88 88 92 92 909 909 88 88 908 908 94 94 91 91 902 902 908 908 91 91 910 910 909 909 92 92 93 93 910 910 92 92 917 917 910 910 93 93 100 100 917 917 93 93 911 911 99 99 94 94 908 908 911 911 94 94 916 916 103 103 99 99 911 911 916 916 99 99 921 921 917 917 100 100 104 104 921 921 100 100 920 920 107 107 103 103 916 916 920 920 103 103 925 925 921 921 104 104 108 108 925 925 104 104 924 924 111 111 107 107 920 920 924 924 107 107 929 929 925 925 108 108 112 112 929 929 108 108 928 928 115 115 111 111 924 924 928 928 111 111 935 935 929 929 112 112 116 116 935 935 112 112 934 934 119 119 115 115 928 928 934 934 115 115 939 939 935 935 116 116 120 120 939 939 116 116 938 938 123 123 119 119 934 934 938 938 119 119 943 943 939 939 120 120 124 124 943 943 120 120 942 942 127 127 123 123 938 938 942 942 123 123 947 947 943 943 124 124 128 128 947 947 124 124 946 946 130 130 127 127 942 942 946 946 127 127 949 949 947 947 128 128 130 130 949 949 128 128 946 946 949 949 130 130 969 969 967 967 141 141 143 143 969 969 141 141 967 967 142 142 141 141 968 968 144 144 142 142 967 967 968 968 142 142 971 971 969 969 143 143 145 145 971 971 143 143 970 970 146 146 144 144 968 968 970 970 144 144 973 973 971 971 145 145 147 147 973 973 145 145 972 972 148 148 146 146 970 970 972 972 146 146 975 975 973 973 147 147 149 149 975 975 147 147 974 974 152 152 148 148 972 972 974 974 148 148 979 979 975 975 149 149 153 153 979 979 149 149 978 978 154 154 152 152 974 974 978 978 152 152 981 981 979 979 153 153 155 155 981 981 153 153 980 980 156 156 154 154 978 978 980 980 154 154 983 983 981 981 155 155 157 157 983 983 155 155 982 982 158 158 156 156 980 980 982 982 156 156 987 987 983 983 157 157 159 159 987 987 157 157 986 986 160 160 158 158 982 982 986 986 158 158 989 989 987 987 159 159 161 161 989 989 159 159 988 988 164 164 160 160 986 986 988 988 160 160 991 991 989 989 161 161 165 165 991 991 161 161 990 990 166 166 164 164 988 988 990 990 164 164 995 995 991 991 165 165 167 167 995 995 165 165 994 994 168 168 166 166 990 990 994 994 166 166 997 997 995 995 167 167 169 169 997 997 167 167 996 996 170 170 168 168 994 994 996 996 168 168 999 999 997 997 169 169 171 171 999 999 169 169 998 998 172 172 170 170 996 996 998 998 170 170 1003 1003 999 999 171 171 173 173 1003 1003 171 171 1002 1002 174 174 172 172 998 998 1002 1002 172 172 1006 1006 1003 1003 173 173 175 175 1006 1006 173 173 1005 1005 178 178 174 174 1002 1002 1005 1005 174 174 1008 1008 1006 1006 175 175 179 179 1008 1008 175 175 1007 1007 180 180 178 178 1005 1005 1007 1007 178 178 1010 1010 1008 1008 179 179 181 181 1010 1010 179 179 1009 1009 182 182 180 180 1007 1007 1009 1009 180 180 1013 1013 1010 1010 181 181 182 182 1013 1013 181 181 1009 1009 1013 1013 182 182 877 877 874 874 57 57 60 60 877 877 57 57 874 874 59 59 57 57 876 876 63 63 59 59 874 874 876 876 59 59 881 881 877 877 60 60 64 64 881 881 60 60 880 880 67 67 63 63 876 876 880 880 63 63 885 885 881 881 64 64 68 68 885 885 64 64 884 884 71 71 67 67 880 880 884 884 67 67 889 889 885 885 68 68 72 72 889 889 68 68 888 888 75 75 71 71 884 884 888 888 71 71 893 893 889 889 72 72 76 76 893 893 72 72 892 892 79 79 75 75 888 888 892 892 75 75 897 897 893 893 76 76 80 80 897 897 76 76 896 896 85 85 79 79 892 892 896 896 79 79 901 901 897 897 80 80 86 86 901 901 80 80 900 900 89 89 85 85 896 896 900 900 85 85 907 907 901 901 86 86 90 90 907 907 86 86 906 906 96 96 89 89 900 900 906 906 89 89 912 912 907 907 90 90 95 95 912 912 90 90 915 915 912 912 95 95 98 98 915 915 95 95 913 913 97 97 96 96 906 906 913 913 96 96 914 914 101 101 97 97 913 913 914 914 97 97 919 919 915 915 98 98 102 102 919 919 98 98 918 918 105 105 101 101 914 914 918 918 101 101 923 923 919 919 102 102 106 106 923 923 102 102 922 922 109 109 105 105 918 918 922 922 105 105 927 927 923 923 106 106 110 110 927 927 106 106 926 926 113 113 109 109 922 922 926 926 109 109 933 933 927 927 110 110 114 114 933 933 110 110 932 932 117 117 113 113 926 926 932 932 113 113 937 937 933 933 114 114 118 118 937 937 114 114 936 936 121 121 117 117 932 932 936 936 117 117 941 941 937 937 118 118 122 122 941 941 118 118 940 940 125 125 121 121 936 936 940 940 121 121 945 945 941 941 122 122 126 126 945 945 122 122 944 944 129 129 125 125 940 940 944 944 125 125 948 948 945 945 126 126 129 129 948 948 126 126 944 944 948 948 129 129 193 193 191 191 0 0 1 1 193 193 0 0 191 191 190 190 0 0 190 190 192 192 0 0 192 192 2 2 0 0 195 195 193 193 1 1 3 3 195 195 1 1 198 198 4 4 2 2 196 196 198 198 2 2 192 192 194 194 2 2 194 194 196 196 2 2 197 197 195 195 3 3 199 199 197 197 3 3 5 5 203 203 3 3 203 203 201 201 3 3 201 201 199 199 3 3 200 200 6 6 4 4 198 198 200 200 4 4 18 18 205 205 5 5 205 205 203 203 5 5 202 202 204 204 6 6 204 204 206 206 6 6 206 206 208 208 6 6 208 208 19 19 6 6 200 200 202 202 6 6 209 209 207 207 18 18 207 207 205 205 18 18 211 211 209 209 18 18 30 30 211 211 18 18 208 208 210 210 19 19 210 210 31 31 19 19 213 213 211 211 30 30 47 47 217 217 30 30 217 217 215 215 30 30 215 215 213 213 30 30 216 216 48 48 31 31 214 214 216 216 31 31 210 210 212 212 31 31 212 212 214 214 31 31 49 49 219 219 47 47 219 219 217 217 47 47 218 218 220 220 48 48 220 220 222 222 48 48 222 222 50 50 48 48 216 216 218 218 48 48 225 225 223 223 49 49 223 223 221 221 49 49 221 221 219 219 49 49 227 227 225 225 49 49 51 51 227 227 49 49 222 222 224 224 50 50 224 224 52 52 50 50 229 229 227 227 51 51 53 53 229 229 51 51 228 228 230 230 52 52 230 230 232 232 52 52 232 232 54 54 52 52 224 224 226 226 52 52 226 226 228 228 52 52 231 231 229 229 53 53 55 55 235 235 53 53 235 235 233 233 53 53 233 233 231 231 53 53 232 232 234 234 54 54 234 234 56 56 54 54 239 239 237 237 55 55 237 237 235 235 55 55 241 241 239 239 55 55 83 83 241 241 55 55 240 240 84 84 56 56 238 238 240 240 56 56 234 234 236 236 56 56 236 236 238 238 56 56 243 243 241 241 83 83 131 131 243 243 83 83 242 242 244 244 84 84 244 244 246 246 84 84 246 246 132 132 84 84 240 240 242 242 84 84 245 245 243 243 131 131 133 133 249 249 131 131 249 249 247 247 131 131 247 247 245 245 131 131 246 246 248 248 132 132 248 248 134 134 132 132 135 135 253 253 133 133 253 253 251 251 133 133 251 251 249 249 133 133 252 252 254 254 134 134 254 254 256 256 134 134 256 256 136 136 134 134 248 248 250 250 134 134 250 250 252 252 134 134 257 257 255 255 135 135 255 255 253 253 135 135 259 259 257 257 135 135 137 137 259 259 135 135 256 256 258 258 136 136 258 258 138 138 136 136 261 261 259 259 137 137 139 139 265 265 137 137 265 265 263 263 137 137 263 263 261 261 137 137 264 264 140 140 138 138 262 262 264 264 138 138 258 258 260 260 138 138 260 260 262 262 138 138 150 150 267 267 139 139 267 267 265 265 139 139 266 266 268 268 140 140 268 268 270 270 140 140 270 270 151 151 140 140 264 264 266 266 140 140 271 271 269 269 150 150 269 269 267 267 150 150 273 273 271 271 150 150 162 162 273 273 150 150 270 270 272 272 151 151 272 272 163 163 151 151 275 275 273 273 162 162 277 277 275 275 162 162 176 176 277 277 162 162 276 276 278 278 163 163 278 278 280 280 163 163 280 280 177 177 163 163 272 272 274 274 163 163 274 274 276 276 163 163 279 279 277 277 176 176 183 183 283 283 176 176 283 283 281 281 176 176 281 281 279 279 176 176 280 280 282 282 177 177 282 282 184 184 177 177 287 287 285 285 183 183 285 285 283 283 183 183 289 289 287 287 183 183 185 185 289 289 183 183 288 288 186 186 184 184 286 286 288 288 184 184 282 282 284 284 184 184 284 284 286 286 184 184 291 291 289 289 185 185 187 187 291 291 185 185 290 290 292 292 186 186 292 292 294 294 186 186 294 294 188 188 186 186 288 288 290 290 186 186 293 293 291 291 187 187 189 189 297 297 187 187 297 297 295 295 187 187 295 295 293 293 187 187 294 294 296 296 188 188 296 296 189 189 188 188 296 296 297 297 189 189 813 813 811 811 802 802 804 804 813 813 802 802 811 811 809 809 802 802 809 809 808 808 802 802 808 808 803 803 802 802 812 812 805 805 803 803 810 810 812 812 803 803 808 808 810 810 803 803 817 817 813 813 804 804 806 806 821 821 804 804 821 821 819 819 804 804 819 819 817 817 804 804 812 812 814 814 805 805 814 814 818 818 805 805 818 818 820 820 805 805 820 820 807 807 805 805 815 815 825 825 806 806 825 825 821 821 806 806 820 820 822 822 807 807 822 822 816 816 807 807 823 823 827 827 815 815 827 827 825 825 815 815 822 822 826 826 816 816 826 826 824 824 816 816 829 829 857 857 823 823 835 835 833 833 823 823 857 857 835 835 823 823 833 833 831 831 823 823 831 831 827 827 823 823 826 826 828 828 824 824 828 828 830 830 824 824 832 832 830 830 828 828 837 837 857 857 829 829 832 832 838 838 830 830 834 834 838 838 832 832 853 853 838 838 834 834 836 836 853 853 834 834 857 857 839 839 835 835 858 858 853 853 836 836 840 840 858 858 836 836 856 856 857 857 837 837 852 852 856 856 837 837 857 857 841 841 839 839 842 842 858 858 840 840 857 857 843 843 841 841 844 844 858 858 842 842 857 857 845 845 843 843 846 846 858 858 844 844 857 857 847 847 845 845 848 848 858 858 846 846 857 857 849 849 847 847 850 850 858 858 848 848 857 857 851 851 849 849 851 851 858 858 850 850 857 857 858 858 851 851 854 854 856 856 852 852 858 858 855 855 853 853 866 866 856 856 854 854 859 859 866 866 854 854 858 858 860 860 855 855 867 867 860 860 858 858 861 861 866 866 859 859 867 867 862 862 860 860 863 863 866 866 861 861 867 867 864 864 862 862 868 868 880 880 863 863 880 880 876 876 863 863 876 876 874 874 863 863 874 874 877 877 863 863 877 877 866 866 863 863 867 867 865 865 864 864 879 879 869 869 865 865 875 875 879 879 865 865 867 867 878 878 865 865 878 878 875 875 865 865 881 881 885 885 866 866 912 912 960 960 866 866 877 877 881 881 866 866 885 885 889 889 866 866 889 889 893 893 866 866 893 893 897 897 866 866 897 897 901 901 866 866 901 901 907 907 866 866 907 907 912 912 866 866 962 962 911 911 867 867 911 911 908 908 867 867 908 908 902 902 867 867 902 902 898 898 867 867 898 898 894 894 867 867 894 894 890 890 867 867 890 890 886 886 867 867 886 886 882 882 867 867 882 882 878 878 867 867 870 870 884 884 868 868 884 884 880 880 868 868 883 883 871 871 869 869 879 879 883 883 869 869 872 872 892 892 870 870 892 892 888 888 870 870 888 888 884 884 870 870 891 891 873 873 871 871 887 887 891 891 871 871 883 883 887 887 871 871 904 904 900 900 872 872 900 900 896 896 872 872 896 896 892 892 872 872 899 899 905 905 873 873 895 895 899 899 873 873 891 891 895 895 873 873 903 903 905 905 899 899 904 904 906 906 900 900 909 909 905 905 903 903 930 930 914 914 904 904 914 914 913 913 904 904 913 913 906 906 904 904 909 909 910 910 905 905 910 910 931 931 905 905 917 917 931 931 910 910 962 962 916 916 911 911 915 915 960 960 912 912 930 930 918 918 914 914 919 919 960 960 915 915 962 962 920 920 916 916 921 921 931 931 917 917 930 930 922 922 918 918 923 923 960 960 919 919 962 962 924 924 920 920 925 925 931 931 921 921 930 930 926 926 922 922 927 927 960 960 923 923 962 962 928 928 924 924 951 951 931 931 925 925 929 929 951 951 925 925 950 950 932 932 926 926 930 930 950 950 926 926 933 933 960 960 927 927 962 962 934 934 928 928 935 935 951 951 929 929 950 950 936 936 932 932 937 937 960 960 933 933 962 962 938 938 934 934 953 953 951 951 935 935 939 939 953 953 935 935 950 950 952 952 936 936 952 952 940 940 936 936 941 941 960 960 937 937 962 962 942 942 938 938 943 943 953 953 939 939 952 952 944 944 940 940 965 965 960 960 941 941 945 945 965 965 941 941 962 962 946 946 942 942 955 955 953 953 943 943 947 947 955 955 943 943 954 954 948 948 944 944 952 952 954 954 944 944 948 948 958 958 945 945 963 963 965 965 945 945 958 958 963 963 945 945 962 962 966 966 946 946 966 966 964 964 946 946 964 964 949 949 946 946 957 957 955 955 947 947 949 949 957 957 947 947 954 954 956 956 948 948 956 956 958 958 948 948 964 964 959 959 949 949 959 959 957 957 949 949 965 965 961 961 960 960 974 974 972 972 961 961 972 972 970 970 961 961 970 970 968 968 961 961 968 968 967 967 961 961 967 967 962 962 961 961 988 988 986 986 961 961 986 986 982 982 961 961 982 982 980 980 961 961 980 980 978 978 961 961 978 978 974 974 961 961 1004 1004 988 988 961 961 1000 1000 1004 1004 961 961 965 965 976 976 961 961 976 976 984 984 961 961 984 984 992 992 961 961 992 992 1000 1000 961 961 971 971 973 973 962 962 967 967 969 969 962 962 969 969 971 971 962 962 973 973 975 975 962 962 975 975 979 979 962 962 979 979 981 981 962 962 981 981 983 983 962 962 983 983 966 966 962 962 983 983 987 987 966 966 987 987 977 977 966 966 987 987 985 985 977 977 989 989 993 993 985 985 987 987 989 989 985 985 1004 1004 990 990 988 988 1001 1001 993 993 989 989 991 991 1001 1001 989 989 1004 1004 994 994 990 990 1012 1012 1001 1001 991 991 995 995 1012 1012 991 991 1004 1004 1011 1011 994 994 1011 1011 996 996 994 994 1015 1015 1012 1012 995 995 997 997 1015 1015 995 995 1011 1011 1014 1014 996 996 1014 1014 998 998 996 996 999 999 1015 1015 997 997 1014 1014 1002 1002 998 998 1017 1017 1015 1015 999 999 1003 1003 1017 1017 999 999 1016 1016 1005 1005 1002 1002 1014 1014 1016 1016 1002 1002 1006 1006 1017 1017 1003 1003 1016 1016 1007 1007 1005 1005 1008 1008 1017 1017 1006 1006 1016 1016 1009 1009 1007 1007 1010 1010 1018 1018 1008 1008 1018 1018 1017 1017 1008 1008 1018 1018 1013 1013 1009 1009 1016 1016 1018 1018 1009 1009 1013 1013 1018 1018 1010 1010 8 8 1 1 0 0 7 7 8 8 0 0 2 2 11 11 0 0 11 11 9 9 0 0 9 9 7 7 0 0 8 8 10 10 1 1 10 10 12 12 1 1 12 12 14 14 1 1 14 14 3 3 1 1 4 4 17 17 2 2 17 17 15 15 2 2 15 15 13 13 2 2 13 13 11 11 2 2 20 20 22 22 3 3 14 14 16 16 3 3 16 16 20 20 3 3 26 26 142 142 3 3 24 24 26 26 3 3 22 22 24 24 3 3 86 86 80 80 3 3 142 142 95 95 3 3 95 95 90 90 3 3 90 90 86 86 3 3 80 80 76 76 3 3 76 76 72 72 3 3 72 72 68 68 3 3 68 68 5 5 3 3 6 6 23 23 4 4 23 23 21 21 4 4 21 21 17 17 4 4 68 68 18 18 5 5 19 19 25 25 6 6 25 25 23 23 6 6 64 64 30 30 18 18 68 68 64 64 18 18 31 31 27 27 19 19 27 27 25 25 19 19 28 28 141 141 26 26 141 141 142 142 26 26 31 31 29 29 27 27 32 32 141 141 28 28 48 48 33 33 29 29 31 31 48 48 29 29 60 60 47 47 30 30 64 64 60 60 30 30 34 34 141 141 32 32 50 50 35 35 33 33 48 48 50 50 33 33 36 36 141 141 34 34 58 58 37 37 35 35 50 50 58 58 35 35 143 143 141 141 36 36 38 38 143 143 36 36 61 61 65 65 37 37 58 58 61 61 37 37 65 65 69 69 37 37 69 69 73 73 37 37 73 73 39 39 37 37 91 91 94 94 38 38 87 87 91 91 38 38 81 81 87 87 38 38 40 40 81 81 38 38 145 145 143 143 38 38 94 94 145 145 38 38 73 73 77 77 39 39 77 77 41 41 39 39 42 42 81 81 40 40 77 77 81 81 41 41 81 81 43 43 41 41 44 44 81 81 42 42 81 81 45 45 43 43 46 46 81 81 44 44 81 81 46 46 45 45 60 60 49 49 47 47 60 60 57 57 49 49 57 57 51 51 49 49 62 62 58 58 50 50 52 52 62 62 50 50 57 57 59 59 51 51 59 59 63 63 51 51 63 63 53 53 51 51 54 54 70 70 52 52 70 70 66 66 52 52 66 66 62 62 52 52 63 63 67 67 53 53 67 67 55 55 53 53 56 56 74 74 54 54 74 74 70 70 54 54 67 67 71 71 55 55 71 71 75 75 55 55 75 75 79 79 55 55 79 79 83 83 55 55 84 84 88 88 56 56 88 88 82 82 56 56 82 82 78 78 56 56 78 78 74 74 56 56 85 85 83 83 79 79 96 96 131 131 83 83 89 89 96 96 83 83 85 85 89 89 83 83 93 93 92 92 84 84 92 92 88 88 84 84 100 100 93 93 84 84 132 132 100 100 84 84 99 99 149 149 94 94 149 149 147 147 94 94 147 147 145 145 94 94 142 142 98 98 95 95 97 97 131 131 96 96 101 101 131 131 97 97 142 142 102 102 98 98 103 103 153 153 99 99 153 153 149 149 99 99 132 132 104 104 100 100 105 105 131 131 101 101 142 142 106 106 102 102 167 167 165 165 103 103 165 165 161 161 103 103 161 161 159 159 103 103 159 159 157 157 103 103 107 107 171 171 103 103 171 171 169 169 103 103 169 169 167 167 103 103 157 157 155 155 103 103 155 155 153 153 103 103 132 132 108 108 104 104 133 133 131 131 105 105 109 109 133 133 105 105 142 142 110 110 106 106 111 111 171 171 107 107 132 132 112 112 108 108 113 113 133 133 109 109 142 142 114 114 110 110 115 115 171 171 111 111 134 134 116 116 112 112 132 132 134 134 112 112 117 117 146 146 113 113 146 146 148 148 113 113 148 148 152 152 113 113 152 152 154 154 113 113 154 154 133 133 113 113 142 142 118 118 114 114 119 119 171 171 115 115 134 134 120 120 116 116 121 121 142 142 117 117 142 142 144 144 117 117 144 144 146 146 117 117 142 142 122 122 118 118 123 123 177 177 119 119 177 177 184 184 119 119 184 184 186 186 119 119 186 186 171 171 119 119 134 134 124 124 120 120 125 125 142 142 121 121 142 142 126 126 122 122 127 127 151 151 123 123 151 151 163 163 123 123 163 163 177 177 123 123 134 134 136 136 124 124 136 136 128 128 124 124 129 129 142 142 125 125 142 142 129 129 126 126 130 130 140 140 127 127 140 140 151 151 127 127 136 136 138 138 128 128 138 138 130 130 128 128 138 138 140 140 130 130 154 154 135 135 133 133 154 154 137 137 135 135 156 156 139 139 137 137 154 154 156 156 137 137 156 156 158 158 139 139 158 158 150 150 139 139 158 158 162 162 150 150 160 160 162 162 158 158 164 164 176 176 160 160 176 176 162 162 160 160 166 166 183 183 164 164 183 183 176 176 164 164 168 168 183 183 166 166 185 185 183 183 168 168 170 170 185 185 168 168 172 172 185 185 170 170 186 186 173 173 171 171 174 174 187 187 172 172 187 187 185 185 172 172 186 186 175 175 173 173 178 178 187 187 174 174 188 188 179 179 175 175 186 186 188 188 175 175 180 180 187 187 178 178 188 188 181 181 179 179 189 189 187 187 180 180 182 182 189 189 180 180 188 188 182 182 181 181 188 188 189 189 182 182 1083 1083 1087 1087 1082 1082 1087 1087 1086 1086 1082 1082 1085 1085 1083 1083 1081 1081 1085 1085 1087 1087 1083 1083 1084 1084 1081 1081 1080 1080 1084 1084 1085 1085 1081 1081 1082 1082 1086 1086 1080 1080 1086 1086 1084 1084 1080 1080 1087 1087 1085 1085 1084 1084 1086 1086 1087 1087 1084 1084 191 191 298 298 190 190 299 299 192 192 190 190 298 298 299 299 190 190 300 300 298 298 191 191 193 193 300 300 191 191 299 299 194 194 192 192 195 195 300 300 193 193 301 301 196 196 194 194 299 299 301 301 194 194 197 197 300 300 195 195 301 301 303 303 196 196 303 303 198 198 196 196 199 199 302 302 197 197 302 302 300 300 197 197 303 303 200 200 198 198 201 201 304 304 199 199 304 304 302 302 199 199 303 303 202 202 200 200 306 306 304 304 201 201 203 203 306 306 201 201 305 305 204 204 202 202 303 303 305 305 202 202 205 205 306 306 203 203 307 307 206 206 204 204 305 305 307 307 204 204 207 207 306 306 205 205 307 307 309 309 206 206 309 309 208 208 206 206 209 209 308 308 207 207 308 308 306 306 207 207 309 309 210 210 208 208 211 211 310 310 209 209 310 310 308 308 209 209 309 309 212 212 210 210 213 213 310 310 211 211 311 311 214 214 212 212 309 309 311 311 212 212 215 215 312 312 213 213 312 312 310 310 213 213 313 313 216 216 214 214 311 311 313 313 214 214 314 314 312 312 215 215 217 217 314 314 215 215 313 313 218 218 216 216 219 219 314 314 217 217 315 315 220 220 218 218 313 313 315 315 218 218 221 221 314 314 219 219 315 315 317 317 220 220 317 317 222 222 220 220 223 223 316 316 221 221 316 316 314 314 221 221 317 317 224 224 222 222 225 225 318 318 223 223 318 318 316 316 223 223 317 317 226 226 224 224 320 320 318 318 225 225 227 227 320 320 225 225 319 319 228 228 226 226 317 317 319 319 226 226 229 229 320 320 227 227 321 321 230 230 228 228 319 319 321 321 228 228 231 231 320 320 229 229 321 321 323 323 230 230 323 323 232 232 230 230 233 233 322 322 231 231 322 322 320 320 231 231 323 323 234 234 232 232 235 235 324 324 233 233 324 324 322 322 233 233 323 323 236 236 234 234 237 237 324 324 235 235 325 325 238 238 236 236 323 323 325 325 236 236 239 239 326 326 237 237 326 326 324 324 237 237 327 327 240 240 238 238 325 325 327 327 238 238 328 328 326 326 239 239 241 241 328 328 239 239 327 327 242 242 240 240 243 243 328 328 241 241 329 329 244 244 242 242 327 327 329 329 242 242 245 245 328 328 243 243 329 329 331 331 244 244 331 331 246 246 244 244 247 247 330 330 245 245 330 330 328 328 245 245 331 331 248 248 246 246 249 249 332 332 247 247 332 332 330 330 247 247 331 331 250 250 248 248 334 334 332 332 249 249 251 251 334 334 249 249 333 333 252 252 250 250 331 331 333 333 250 250 253 253 334 334 251 251 335 335 254 254 252 252 333 333 335 335 252 252 255 255 334 334 253 253 335 335 337 337 254 254 337 337 256 256 254 254 257 257 336 336 255 255 336 336 334 334 255 255 337 337 258 258 256 256 259 259 338 338 257 257 338 338 336 336 257 257 337 337 260 260 258 258 261 261 338 338 259 259 339 339 262 262 260 260 337 337 339 339 260 260 263 263 340 340 261 261 340 340 338 338 261 261 339 339 341 341 262 262 341 341 264 264 262 262 342 342 340 340 263 263 265 265 342 342 263 263 341 341 266 266 264 264 267 267 342 342 265 265 343 343 268 268 266 266 341 341 343 343 266 266 269 269 342 342 267 267 343 343 345 345 268 268 345 345 270 270 268 268 271 271 344 344 269 269 344 344 342 342 269 269 345 345 272 272 270 270 273 273 346 346 271 271 346 346 344 344 271 271 345 345 274 274 272 272 348 348 346 346 273 273 275 275 348 348 273 273 347 347 276 276 274 274 345 345 347 347 274 274 277 277 348 348 275 275 349 349 278 278 276 276 347 347 349 349 276 276 279 279 348 348 277 277 349 349 351 351 278 278 351 351 280 280 278 278 281 281 350 350 279 279 350 350 348 348 279 279 351 351 282 282 280 280 283 283 352 352 281 281 352 352 350 350 281 281 351 351 284 284 282 282 285 285 352 352 283 283 353 353 286 286 284 284 351 351 353 353 284 284 287 287 354 354 285 285 354 354 352 352 285 285 353 353 355 355 286 286 355 355 288 288 286 286 356 356 354 354 287 287 289 289 356 356 287 287 355 355 290 290 288 288 291 291 356 356 289 289 357 357 292 292 290 290 355 355 357 357 290 290 293 293 356 356 291 291 357 357 359 359 292 292 359 359 294 294 292 292 295 295 358 358 293 293 358 358 356 356 293 293 359 359 296 296 294 294 297 297 360 360 295 295 360 360 358 358 295 295 359 359 297 297 296 296 359 359 360 360 297 297 300 300 361 361 298 298 362 362 299 299 298 298 361 361 362 362 298 298 364 364 301 301 299 299 362 362 364 364 299 299 363 363 361 361 300 300 302 302 363 363 300 300 364 364 366 366 301 301 366 366 303 303 301 301 304 304 365 365 302 302 365 365 363 363 302 302 366 366 368 368 303 303 368 368 305 305 303 303 306 306 367 367 304 304 367 367 365 365 304 304 370 370 307 307 305 305 368 368 370 370 305 305 369 369 367 367 306 306 308 308 369 369 306 306 370 370 372 372 307 307 372 372 309 309 307 307 310 310 371 371 308 308 371 371 369 369 308 308 372 372 374 374 309 309 374 374 311 311 309 309 312 312 373 373 310 310 373 373 371 371 310 310 376 376 313 313 311 311 374 374 376 376 311 311 314 314 375 375 312 312 375 375 373 373 312 312 378 378 315 315 313 313 376 376 378 378 313 313 377 377 375 375 314 314 316 316 377 377 314 314 378 378 380 380 315 315 380 380 317 317 315 315 318 318 379 379 316 316 379 379 377 377 316 316 380 380 382 382 317 317 382 382 319 319 317 317 320 320 381 381 318 318 381 381 379 379 318 318 384 384 321 321 319 319 382 382 384 384 319 319 383 383 381 381 320 320 322 322 383 383 320 320 384 384 386 386 321 321 386 386 323 323 321 321 324 324 385 385 322 322 385 385 383 383 322 322 386 386 388 388 323 323 388 388 325 325 323 323 326 326 387 387 324 324 387 387 385 385 324 324 390 390 327 327 325 325 388 388 390 390 325 325 328 328 389 389 326 326 389 389 387 387 326 326 392 392 329 329 327 327 390 390 392 392 327 327 391 391 389 389 328 328 330 330 391 391 328 328 392 392 394 394 329 329 394 394 331 331 329 329 332 332 393 393 330 330 393 393 391 391 330 330 394 394 396 396 331 331 396 396 333 333 331 331 334 334 395 395 332 332 395 395 393 393 332 332 398 398 335 335 333 333 396 396 398 398 333 333 397 397 395 395 334 334 336 336 397 397 334 334 398 398 400 400 335 335 400 400 337 337 335 335 338 338 399 399 336 336 399 399 397 397 336 336 400 400 402 402 337 337 402 402 339 339 337 337 340 340 401 401 338 338 401 401 399 399 338 338 402 402 404 404 339 339 404 404 341 341 339 339 342 342 403 403 340 340 403 403 401 401 340 340 406 406 343 343 341 341 404 404 406 406 341 341 405 405 403 403 342 342 344 344 405 405 342 342 406 406 408 408 343 343 408 408 345 345 343 343 346 346 407 407 344 344 407 407 405 405 344 344 408 408 410 410 345 345 410 410 347 347 345 345 348 348 409 409 346 346 409 409 407 407 346 346 412 412 349 349 347 347 410 410 412 412 347 347 411 411 409 409 348 348 350 350 411 411 348 348 412 412 414 414 349 349 414 414 351 351 349 349 352 352 413 413 350 350 413 413 411 411 350 350 414 414 416 416 351 351 416 416 353 353 351 351 354 354 415 415 352 352 415 415 413 413 352 352 416 416 418 418 353 353 418 418 355 355 353 353 356 356 417 417 354 354 417 417 415 415 354 354 420 420 357 357 355 355 418 418 420 420 355 355 419 419 417 417 356 356 358 358 419 419 356 356 420 420 422 422 357 357 422 422 359 359 357 357 360 360 421 421 358 358 421 421 419 419 358 358 422 422 423 423 359 359 423 423 360 360 359 359 423 423 421 421 360 360 363 363 424 424 361 361 425 425 362 362 361 361 424 424 425 425 361 361 427 427 364 364 362 362 425 425 427 427 362 362 426 426 424 424 363 363 365 365 426 426 363 363 427 427 429 429 364 364 429 429 366 366 364 364 367 367 428 428 365 365 428 428 426 426 365 365 429 429 431 431 366 366 431 431 368 368 366 366 369 369 430 430 367 367 430 430 428 428 367 367 433 433 370 370 368 368 431 431 433 433 368 368 432 432 430 430 369 369 371 371 432 432 369 369 433 433 435 435 370 370 435 435 372 372 370 370 373 373 434 434 371 371 434 434 432 432 371 371 435 435 437 437 372 372 437 437 374 374 372 372 375 375 436 436 373 373 436 436 434 434 373 373 439 439 376 376 374 374 437 437 439 439 374 374 377 377 438 438 375 375 438 438 436 436 375 375 441 441 378 378 376 376 439 439 441 441 376 376 440 440 438 438 377 377 379 379 440 440 377 377 441 441 443 443 378 378 443 443 380 380 378 378 381 381 442 442 379 379 442 442 440 440 379 379 443 443 445 445 380 380 445 445 382 382 380 380 383 383 444 444 381 381 444 444 442 442 381 381 447 447 384 384 382 382 445 445 447 447 382 382 446 446 444 444 383 383 385 385 446 446 383 383 447 447 449 449 384 384 449 449 386 386 384 384 387 387 448 448 385 385 448 448 446 446 385 385 449 449 451 451 386 386 451 451 388 388 386 386 389 389 450 450 387 387 450 450 448 448 387 387 453 453 390 390 388 388 451 451 453 453 388 388 391 391 452 452 389 389 452 452 450 450 389 389 455 455 392 392 390 390 453 453 455 455 390 390 454 454 452 452 391 391 393 393 454 454 391 391 455 455 457 457 392 392 457 457 394 394 392 392 395 395 456 456 393 393 456 456 454 454 393 393 457 457 459 459 394 394 459 459 396 396 394 394 397 397 458 458 395 395 458 458 456 456 395 395 461 461 398 398 396 396 459 459 461 461 396 396 460 460 458 458 397 397 399 399 460 460 397 397 461 461 463 463 398 398 463 463 400 400 398 398 401 401 462 462 399 399 462 462 460 460 399 399 463 463 465 465 400 400 465 465 402 402 400 400 403 403 464 464 401 401 464 464 462 462 401 401 465 465 467 467 402 402 467 467 404 404 402 402 405 405 466 466 403 403 466 466 464 464 403 403 469 469 406 406 404 404 467 467 469 469 404 404 468 468 466 466 405 405 407 407 468 468 405 405 469 469 471 471 406 406 471 471 408 408 406 406 409 409 470 470 407 407 470 470 468 468 407 407 471 471 473 473 408 408 473 473 410 410 408 408 411 411 472 472 409 409 472 472 470 470 409 409 475 475 412 412 410 410 473 473 475 475 410 410 474 474 472 472 411 411 413 413 474 474 411 411 475 475 477 477 412 412 477 477 414 414 412 412 415 415 476 476 413 413 476 476 474 474 413 413 477 477 479 479 414 414 479 479 416 416 414 414 417 417 478 478 415 415 478 478 476 476 415 415 479 479 481 481 416 416 481 481 418 418 416 416 419 419 480 480 417 417 480 480 478 478 417 417 483 483 420 420 418 418 481 481 483 483 418 418 482 482 480 480 419 419 421 421 482 482 419 419 483 483 485 485 420 420 485 485 422 422 420 420 484 484 482 482 421 421 423 423 484 484 421 421 485 485 486 486 422 422 486 486 423 423 422 422 486 486 484 484 423 423 426 426 487 487 424 424 488 488 425 425 424 424 487 487 488 488 424 424 490 490 427 427 425 425 488 488 490 490 425 425 489 489 487 487 426 426 428 428 489 489 426 426 490 490 492 492 427 427 492 492 429 429 427 427 430 430 491 491 428 428 491 491 489 489 428 428 492 492 494 494 429 429 494 494 431 431 429 429 432 432 493 493 430 430 493 493 491 491 430 430 496 496 433 433 431 431 494 494 496 496 431 431 495 495 493 493 432 432 434 434 495 495 432 432 496 496 498 498 433 433 498 498 435 435 433 433 436 436 497 497 434 434 497 497 495 495 434 434 498 498 500 500 435 435 500 500 437 437 435 435 438 438 499 499 436 436 499 499 497 497 436 436 502 502 439 439 437 437 500 500 502 502 437 437 440 440 501 501 438 438 501 501 499 499 438 438 504 504 441 441 439 439 502 502 504 504 439 439 503 503 501 501 440 440 442 442 503 503 440 440 504 504 506 506 441 441 506 506 443 443 441 441 444 444 505 505 442 442 505 505 503 503 442 442 506 506 508 508 443 443 508 508 445 445 443 443 446 446 507 507 444 444 507 507 505 505 444 444 510 510 447 447 445 445 508 508 510 510 445 445 509 509 507 507 446 446 448 448 509 509 446 446 510 510 512 512 447 447 512 512 449 449 447 447 450 450 511 511 448 448 511 511 509 509 448 448 512 512 514 514 449 449 514 514 451 451 449 449 452 452 513 513 450 450 513 513 511 511 450 450 516 516 453 453 451 451 514 514 516 516 451 451 454 454 515 515 452 452 515 515 513 513 452 452 518 518 455 455 453 453 516 516 518 518 453 453 517 517 515 515 454 454 456 456 517 517 454 454 518 518 520 520 455 455 520 520 457 457 455 455 458 458 519 519 456 456 519 519 517 517 456 456 520 520 522 522 457 457 522 522 459 459 457 457 460 460 521 521 458 458 521 521 519 519 458 458 524 524 461 461 459 459 522 522 524 524 459 459 523 523 521 521 460 460 462 462 523 523 460 460 524 524 526 526 461 461 526 526 463 463 461 461 464 464 525 525 462 462 525 525 523 523 462 462 526 526 528 528 463 463 528 528 465 465 463 463 466 466 527 527 464 464 527 527 525 525 464 464 528 528 530 530 465 465 530 530 467 467 465 465 468 468 529 529 466 466 529 529 527 527 466 466 532 532 469 469 467 467 530 530 532 532 467 467 531 531 529 529 468 468 470 470 531 531 468 468 532 532 534 534 469 469 534 534 471 471 469 469 472 472 533 533 470 470 533 533 531 531 470 470 534 534 536 536 471 471 536 536 473 473 471 471 474 474 535 535 472 472 535 535 533 533 472 472 538 538 475 475 473 473 536 536 538 538 473 473 537 537 535 535 474 474 476 476 537 537 474 474 538 538 540 540 475 475 540 540 477 477 475 475 478 478 539 539 476 476 539 539 537 537 476 476 540 540 542 542 477 477 542 542 479 479 477 477 480 480 541 541 478 478 541 541 539 539 478 478 542 542 544 544 479 479 544 544 481 481 479 479 482 482 543 543 480 480 543 543 541 541 480 480 546 546 483 483 481 481 544 544 546 546 481 481 545 545 543 543 482 482 484 484 545 545 482 482 546 546 548 548 483 483 548 548 485 485 483 483 547 547 545 545 484 484 486 486 547 547 484 484 548 548 549 549 485 485 549 549 486 486 485 485 549 549 547 547 486 486 489 489 550 550 487 487 551 551 488 488 487 487 550 550 551 551 487 487 553 553 490 490 488 488 551 551 553 553 488 488 552 552 550 550 489 489 491 491 552 552 489 489 553 553 555 555 490 490 555 555 492 492 490 490 493 493 554 554 491 491 554 554 552 552 491 491 555 555 557 557 492 492 557 557 494 494 492 492 495 495 556 556 493 493 556 556 554 554 493 493 559 559 496 496 494 494 557 557 559 559 494 494 558 558 556 556 495 495 497 497 558 558 495 495 559 559 561 561 496 496 561 561 498 498 496 496 499 499 560 560 497 497 560 560 558 558 497 497 561 561 563 563 498 498 563 563 500 500 498 498 501 501 562 562 499 499 562 562 560 560 499 499 565 565 502 502 500 500 563 563 565 565 500 500 503 503 564 564 501 501 564 564 562 562 501 501 567 567 504 504 502 502 565 565 567 567 502 502 566 566 564 564 503 503 505 505 566 566 503 503 567 567 569 569 504 504 569 569 506 506 504 504 507 507 568 568 505 505 568 568 566 566 505 505 569 569 571 571 506 506 571 571 508 508 506 506 509 509 570 570 507 507 570 570 568 568 507 507 573 573 510 510 508 508 571 571 573 573 508 508 572 572 570 570 509 509 511 511 572 572 509 509 573 573 575 575 510 510 575 575 512 512 510 510 513 513 574 574 511 511 574 574 572 572 511 511 575 575 577 577 512 512 577 577 514 514 512 512 515 515 576 576 513 513 576 576 574 574 513 513 579 579 516 516 514 514 577 577 579 579 514 514 517 517 578 578 515 515 578 578 576 576 515 515 581 581 518 518 516 516 579 579 581 581 516 516 580 580 578 578 517 517 519 519 580 580 517 517 581 581 583 583 518 518 583 583 520 520 518 518 521 521 582 582 519 519 582 582 580 580 519 519 583 583 585 585 520 520 585 585 522 522 520 520 523 523 584 584 521 521 584 584 582 582 521 521 587 587 524 524 522 522 585 585 587 587 522 522 586 586 584 584 523 523 525 525 586 586 523 523 587 587 589 589 524 524 589 589 526 526 524 524 527 527 588 588 525 525 588 588 586 586 525 525 589 589 591 591 526 526 591 591 528 528 526 526 529 529 590 590 527 527 590 590 588 588 527 527 591 591 593 593 528 528 593 593 530 530 528 528 531 531 592 592 529 529 592 592 590 590 529 529 595 595 532 532 530 530 593 593 595 595 530 530 594 594 592 592 531 531 533 533 594 594 531 531 595 595 597 597 532 532 597 597 534 534 532 532 535 535 596 596 533 533 596 596 594 594 533 533 597 597 599 599 534 534 599 599 536 536 534 534 537 537 598 598 535 535 598 598 596 596 535 535 601 601 538 538 536 536 599 599 601 601 536 536 600 600 598 598 537 537 539 539 600 600 537 537 601 601 603 603 538 538 603 603 540 540 538 538 541 541 602 602 539 539 602 602 600 600 539 539 603 603 605 605 540 540 605 605 542 542 540 540 543 543 604 604 541 541 604 604 602 602 541 541 605 605 607 607 542 542 607 607 544 544 542 542 606 606 604 604 543 543 545 545 606 606 543 543 609 609 546 546 544 544 607 607 609 609 544 544 608 608 606 606 545 545 547 547 608 608 545 545 609 609 611 611 546 546 611 611 548 548 546 546 610 610 608 608 547 547 549 549 610 610 547 547 611 611 612 612 548 548 612 612 549 549 548 548 612 612 610 610 549 549 552 552 613 613 550 550 614 614 551 551 550 550 613 613 614 614 550 550 616 616 553 553 551 551 614 614 616 616 551 551 615 615 613 613 552 552 554 554 615 615 552 552 616 616 618 618 553 553 618 618 555 555 553 553 556 556 617 617 554 554 617 617 615 615 554 554 618 618 620 620 555 555 620 620 557 557 555 555 558 558 619 619 556 556 619 619 617 617 556 556 622 622 559 559 557 557 620 620 622 622 557 557 621 621 619 619 558 558 560 560 621 621 558 558 622 622 624 624 559 559 624 624 561 561 559 559 562 562 623 623 560 560 623 623 621 621 560 560 624 624 626 626 561 561 626 626 563 563 561 561 564 564 625 625 562 562 625 625 623 623 562 562 628 628 565 565 563 563 626 626 628 628 563 563 566 566 627 627 564 564 627 627 625 625 564 564 630 630 567 567 565 565 628 628 630 630 565 565 629 629 627 627 566 566 568 568 629 629 566 566 630 630 632 632 567 567 632 632 569 569 567 567 570 570 631 631 568 568 631 631 629 629 568 568 632 632 634 634 569 569 634 634 571 571 569 569 572 572 633 633 570 570 633 633 631 631 570 570 636 636 573 573 571 571 634 634 636 636 571 571 635 635 633 633 572 572 574 574 635 635 572 572 636 636 638 638 573 573 638 638 575 575 573 573 576 576 637 637 574 574 637 637 635 635 574 574 638 638 640 640 575 575 640 640 577 577 575 575 578 578 639 639 576 576 639 639 637 637 576 576 642 642 579 579 577 577 640 640 642 642 577 577 580 580 641 641 578 578 641 641 639 639 578 578 644 644 581 581 579 579 642 642 644 644 579 579 643 643 641 641 580 580 582 582 643 643 580 580 644 644 646 646 581 581 646 646 583 583 581 581 584 584 645 645 582 582 645 645 643 643 582 582 646 646 648 648 583 583 648 648 585 585 583 583 586 586 647 647 584 584 647 647 645 645 584 584 650 650 587 587 585 585 648 648 650 650 585 585 649 649 647 647 586 586 588 588 649 649 586 586 650 650 652 652 587 587 652 652 589 589 587 587 590 590 651 651 588 588 651 651 649 649 588 588 652 652 654 654 589 589 654 654 591 591 589 589 592 592 653 653 590 590 653 653 651 651 590 590 654 654 656 656 591 591 656 656 593 593 591 591 594 594 655 655 592 592 655 655 653 653 592 592 658 658 595 595 593 593 656 656 658 658 593 593 657 657 655 655 594 594 596 596 657 657 594 594 658 658 660 660 595 595 660 660 597 597 595 595 598 598 659 659 596 596 659 659 657 657 596 596 660 660 662 662 597 597 662 662 599 599 597 597 600 600 661 661 598 598 661 661 659 659 598 598 664 664 601 601 599 599 662 662 664 664 599 599 663 663 661 661 600 600 602 602 663 663 600 600 664 664 666 666 601 601 666 666 603 603 601 601 604 604 665 665 602 602 665 665 663 663 602 602 666 666 668 668 603 603 668 668 605 605 603 603 667 667 665 665 604 604 606 606 667 667 604 604 668 668 670 670 605 605 670 670 607 607 605 605 669 669 667 667 606 606 608 608 669 669 606 606 672 672 609 609 607 607 670 670 672 672 607 607 671 671 669 669 608 608 610 610 671 671 608 608 672 672 674 674 609 609 674 674 611 611 609 609 673 673 671 671 610 610 612 612 673 673 610 610 674 674 675 675 611 611 675 675 612 612 611 611 675 675 673 673 612 612 615 615 676 676 613 613 677 677 614 614 613 613 676 676 677 677 613 613 679 679 616 616 614 614 677 677 679 679 614 614 678 678 676 676 615 615 617 617 678 678 615 615 679 679 681 681 616 616 681 681 618 618 616 616 619 619 680 680 617 617 680 680 678 678 617 617 681 681 683 683 618 618 683 683 620 620 618 618 621 621 682 682 619 619 682 682 680 680 619 619 685 685 622 622 620 620 683 683 685 685 620 620 684 684 682 682 621 621 623 623 684 684 621 621 685 685 687 687 622 622 687 687 624 624 622 622 625 625 686 686 623 623 686 686 684 684 623 623 687 687 689 689 624 624 689 689 626 626 624 624 627 627 688 688 625 625 688 688 686 686 625 625 691 691 628 628 626 626 689 689 691 691 626 626 629 629 690 690 627 627 690 690 688 688 627 627 693 693 630 630 628 628 691 691 693 693 628 628 692 692 690 690 629 629 631 631 692 692 629 629 693 693 695 695 630 630 695 695 632 632 630 630 633 633 694 694 631 631 694 694 692 692 631 631 695 695 697 697 632 632 697 697 634 634 632 632 635 635 696 696 633 633 696 696 694 694 633 633 699 699 636 636 634 634 697 697 699 699 634 634 698 698 696 696 635 635 637 637 698 698 635 635 699 699 701 701 636 636 701 701 638 638 636 636 639 639 700 700 637 637 700 700 698 698 637 637 701 701 703 703 638 638 703 703 640 640 638 638 641 641 702 702 639 639 702 702 700 700 639 639 705 705 642 642 640 640 703 703 705 705 640 640 643 643 704 704 641 641 704 704 702 702 641 641 707 707 644 644 642 642 705 705 707 707 642 642 706 706 704 704 643 643 645 645 706 706 643 643 707 707 709 709 644 644 709 709 646 646 644 644 647 647 708 708 645 645 708 708 706 706 645 645 709 709 711 711 646 646 711 711 648 648 646 646 649 649 710 710 647 647 710 710 708 708 647 647 713 713 650 650 648 648 711 711 713 713 648 648 712 712 710 710 649 649 651 651 712 712 649 649 713 713 715 715 650 650 715 715 652 652 650 650 653 653 714 714 651 651 714 714 712 712 651 651 715 715 717 717 652 652 717 717 654 654 652 652 655 655 716 716 653 653 716 716 714 714 653 653 717 717 719 719 654 654 719 719 656 656 654 654 657 657 718 718 655 655 718 718 716 716 655 655 721 721 658 658 656 656 719 719 721 721 656 656 720 720 718 718 657 657 659 659 720 720 657 657 721 721 723 723 658 658 723 723 660 660 658 658 661 661 722 722 659 659 722 722 720 720 659 659 723 723 725 725 660 660 725 725 662 662 660 660 663 663 724 724 661 661 724 724 722 722 661 661 727 727 664 664 662 662 725 725 727 727 662 662 726 726 724 724 663 663 665 665 726 726 663 663 727 727 729 729 664 664 729 729 666 666 664 664 728 728 726 726 665 665 667 667 728 728 665 665 729 729 731 731 666 666 731 731 668 668 666 666 730 730 728 728 667 667 669 669 730 730 667 667 731 731 733 733 668 668 733 733 670 670 668 668 732 732 730 730 669 669 671 671 732 732 669 669 735 735 672 672 670 670 733 733 735 735 670 670 734 734 732 732 671 671 673 673 734 734 671 671 735 735 737 737 672 672 737 737 674 674 672 672 736 736 734 734 673 673 675 675 736 736 673 673 737 737 738 738 674 674 738 738 675 675 674 674 738 738 736 736 675 675 678 678 739 739 676 676 740 740 677 677 676 676 739 739 740 740 676 676 742 742 679 679 677 677 740 740 742 742 677 677 741 741 739 739 678 678 680 680 741 741 678 678 742 742 744 744 679 679 744 744 681 681 679 679 682 682 743 743 680 680 743 743 741 741 680 680 744 744 746 746 681 681 746 746 683 683 681 681 684 684 745 745 682 682 745 745 743 743 682 682 748 748 685 685 683 683 746 746 748 748 683 683 747 747 745 745 684 684 686 686 747 747 684 684 748 748 750 750 685 685 750 750 687 687 685 685 688 688 749 749 686 686 749 749 747 747 686 686 750 750 752 752 687 687 752 752 689 689 687 687 690 690 751 751 688 688 751 751 749 749 688 688 754 754 691 691 689 689 752 752 754 754 689 689 692 692 753 753 690 690 753 753 751 751 690 690 756 756 693 693 691 691 754 754 756 756 691 691 755 755 753 753 692 692 694 694 755 755 692 692 756 756 758 758 693 693 758 758 695 695 693 693 696 696 757 757 694 694 757 757 755 755 694 694 758 758 760 760 695 695 760 760 697 697 695 695 698 698 759 759 696 696 759 759 757 757 696 696 762 762 699 699 697 697 760 760 762 762 697 697 761 761 759 759 698 698 700 700 761 761 698 698 762 762 764 764 699 699 764 764 701 701 699 699 702 702 763 763 700 700 763 763 761 761 700 700 764 764 766 766 701 701 766 766 703 703 701 701 704 704 765 765 702 702 765 765 763 763 702 702 768 768 705 705 703 703 766 766 768 768 703 703 706 706 767 767 704 704 767 767 765 765 704 704 770 770 707 707 705 705 768 768 770 770 705 705 769 769 767 767 706 706 708 708 769 769 706 706 770 770 772 772 707 707 772 772 709 709 707 707 710 710 771 771 708 708 771 771 769 769 708 708 772 772 774 774 709 709 774 774 711 711 709 709 712 712 773 773 710 710 773 773 771 771 710 710 776 776 713 713 711 711 774 774 776 776 711 711 775 775 773 773 712 712 714 714 775 775 712 712 776 776 778 778 713 713 778 778 715 715 713 713 716 716 777 777 714 714 777 777 775 775 714 714 778 778 780 780 715 715 780 780 717 717 715 715 718 718 779 779 716 716 779 779 777 777 716 716 780 780 782 782 717 717 782 782 719 719 717 717 720 720 781 781 718 718 781 781 779 779 718 718 784 784 721 721 719 719 782 782 784 784 719 719 783 783 781 781 720 720 722 722 783 783 720 720 784 784 786 786 721 721 786 786 723 723 721 721 724 724 785 785 722 722 785 785 783 783 722 722 786 786 788 788 723 723 788 788 725 725 723 723 726 726 787 787 724 724 787 787 785 785 724 724 790 790 727 727 725 725 788 788 790 790 725 725 789 789 787 787 726 726 728 728 789 789 726 726 790 790 792 792 727 727 792 792 729 729 727 727 791 791 789 789 728 728 730 730 791 791 728 728 792 792 794 794 729 729 794 794 731 731 729 729 793 793 791 791 730 730 732 732 793 793 730 730 794 794 796 796 731 731 796 796 733 733 731 731 795 795 793 793 732 732 734 734 795 795 732 732 798 798 735 735 733 733 796 796 798 798 733 733 797 797 795 795 734 734 736 736 797 797 734 734 798 798 800 800 735 735 800 800 737 737 735 735 799 799 797 797 736 736 738 738 799 799 736 736 800 800 801 801 737 737 801 801 738 738 737 737 801 801 799 799 738 738 741 741 802 802 739 739 803 803 740 740 739 739 802 802 803 803 739 739 805 805 742 742 740 740 803 803 805 805 740 740 804 804 802 802 741 741 743 743 804 804 741 741 805 805 807 807 742 742 807 807 744 744 742 742 745 745 806 806 743 743 806 806 804 804 743 743 807 807 816 816 744 744 816 816 746 746 744 744 747 747 815 815 745 745 815 815 806 806 745 745 824 824 748 748 746 746 816 816 824 824 746 746 823 823 815 815 747 747 749 749 823 823 747 747 824 824 830 830 748 748 830 830 750 750 748 748 751 751 829 829 749 749 829 829 823 823 749 749 830 830 838 838 750 750 838 838 752 752 750 750 753 753 837 837 751 751 837 837 829 829 751 751 853 853 754 754 752 752 838 838 853 853 752 752 755 755 852 852 753 753 852 852 837 837 753 753 855 855 756 756 754 754 853 853 855 855 754 754 854 854 852 852 755 755 757 757 854 854 755 755 855 855 860 860 756 756 860 860 758 758 756 756 759 759 859 859 757 757 859 859 854 854 757 757 860 860 862 862 758 758 862 862 760 760 758 758 761 761 861 861 759 759 861 861 859 859 759 759 864 864 762 762 760 760 862 862 864 864 760 760 863 863 861 861 761 761 763 763 863 863 761 761 864 864 865 865 762 762 865 865 764 764 762 762 765 765 868 868 763 763 868 868 863 863 763 763 865 865 869 869 764 764 869 869 871 871 764 764 871 871 766 766 764 764 767 767 870 870 765 765 870 870 868 868 765 765 873 873 768 768 766 766 871 871 873 873 766 766 769 769 872 872 767 767 872 872 870 870 767 767 905 905 770 770 768 768 873 873 905 905 768 768 904 904 872 872 769 769 771 771 904 904 769 769 905 905 931 931 770 770 931 931 772 772 770 770 773 773 930 930 771 771 930 930 904 904 771 771 931 931 951 951 772 772 951 951 774 774 772 772 775 775 950 950 773 773 950 950 930 930 773 773 953 953 776 776 774 774 951 951 953 953 774 774 952 952 950 950 775 775 777 777 952 952 775 775 953 953 955 955 776 776 955 955 778 778 776 776 779 779 954 954 777 777 954 954 952 952 777 777 955 955 957 957 778 778 957 957 780 780 778 778 781 781 956 956 779 779 956 956 954 954 779 779 957 957 959 959 780 780 959 959 782 782 780 780 783 783 958 958 781 781 958 958 956 956 781 781 964 964 784 784 782 782 959 959 964 964 782 782 963 963 958 958 783 783 785 785 963 963 783 783 964 964 966 966 784 784 966 966 786 786 784 784 787 787 965 965 785 785 965 965 963 963 785 785 966 966 977 977 786 786 977 977 788 788 786 786 976 976 965 965 787 787 789 789 976 976 787 787 985 985 790 790 788 788 977 977 985 985 788 788 984 984 976 976 789 789 791 791 984 984 789 789 985 985 993 993 790 790 993 993 792 792 790 790 992 992 984 984 791 791 793 793 992 992 791 791 993 993 1001 1001 792 792 1001 1001 794 794 792 792 1004 1004 1000 1000 793 793 1000 1000 992 992 793 793 795 795 1004 1004 793 793 1001 1001 1012 1012 794 794 1012 1012 796 796 794 794 1011 1011 1004 1004 795 795 797 797 1011 1011 795 795 1015 1015 798 798 796 796 1012 1012 1015 1015 796 796 1014 1014 1011 1011 797 797 799 799 1014 1014 797 797 1015 1015 1017 1017 798 798 1017 1017 800 800 798 798 1016 1016 1014 1014 799 799 801 801 1016 1016 799 799 1017 1017 1018 1018 800 800 1018 1018 801 801 800 800 1018 1018 1016 1016 801 801 866 866 1019 1019 856 856 960 960 1020 1020 866 866 1020 1020 1019 1019 866 866 1020 1020 1025 1025 1019 1019 1021 1021 1025 1025 1020 1020 1026 1026 1025 1025 1021 1021 1027 1027 1031 1031 1025 1025 1026 1026 1027 1027 1025 1025 1032 1032 1031 1031 1027 1027 1033 1033 1037 1037 1031 1031 1032 1032 1033 1033 1031 1031 1038 1038 1037 1037 1033 1033 1039 1039 1043 1043 1037 1037 1038 1038 1039 1039 1037 1037 1044 1044 1043 1043 1039 1039 1045 1045 1048 1048 1043 1043 1044 1044 1045 1045 1043 1043 1050 1050 1048 1048 1045 1045 1050 1050 1054 1054 1048 1048 1054 1054 1052 1052 1048 1048 1054 1054 1056 1056 1052 1052 1058 1058 1056 1056 1054 1054 1058 1058 1062 1062 1056 1056 1062 1062 1060 1060 1056 1056 1062 1062 1065 1065 1060 1060 1064 1064 1065 1065 1062 1062 1069 1069 1070 1070 1064 1064 1070 1070 1065 1065 1064 1064 1072 1072 1074 1074 1069 1069 1074 1074 1070 1070 1069 1069 1079 1079 1074 1074 1072 1072 1079 1079 1077 1077 1074 1074 1079 1079 1080 1080 1077 1077 1082 1082 1080 1080 1079 1079 961 961 1020 1020 960 960 962 962 1023 1023 961 961 1023 1023 1021 1021 961 961 1021 1021 1020 1020 961 961 1023 1023 1026 1026 1021 1021 1029 1029 1027 1027 1023 1023 1027 1027 1026 1026 1023 1023 1029 1029 1032 1032 1027 1027 1035 1035 1033 1033 1029 1029 1033 1033 1032 1032 1029 1029 1035 1035 1038 1038 1033 1033 1041 1041 1039 1039 1035 1035 1039 1039 1038 1038 1035 1035 1041 1041 1044 1044 1039 1039 1047 1047 1045 1045 1041 1041 1045 1045 1044 1044 1041 1041 1051 1051 1050 1050 1045 1045 1047 1047 1051 1051 1045 1045 1051 1051 1054 1054 1050 1050 1055 1055 1054 1054 1051 1051 1059 1059 1058 1058 1054 1054 1055 1055 1059 1059 1054 1054 1059 1059 1062 1062 1058 1058 1063 1063 1062 1062 1059 1059 1067 1067 1064 1064 1062 1062 1063 1063 1067 1067 1062 1062 1067 1067 1069 1069 1064 1064 1073 1073 1072 1072 1067 1067 1072 1072 1069 1069 1067 1067 1073 1073 1079 1079 1072 1072 1076 1076 1079 1079 1073 1073 1083 1083 1082 1082 1076 1076 1082 1082 1079 1079 1076 1076 1019 1019 857 857 856 856 1022 1022 858 858 857 857 1019 1019 1022 1022 857 857 1025 1025 1022 1022 1019 1019 1025 1025 1024 1024 1022 1022 1025 1025 1028 1028 1024 1024 1031 1031 1030 1030 1025 1025 1030 1030 1028 1028 1025 1025 1031 1031 1034 1034 1030 1030 1037 1037 1036 1036 1031 1031 1036 1036 1034 1034 1031 1031 1037 1037 1040 1040 1036 1036 1043 1043 1042 1042 1037 1037 1042 1042 1040 1040 1037 1037 1043 1043 1046 1046 1042 1042 1049 1049 1046 1046 1043 1043 1048 1048 1049 1049 1043 1043 1053 1053 1049 1049 1048 1048 1052 1052 1053 1053 1048 1048 1057 1057 1053 1053 1052 1052 1056 1056 1057 1057 1052 1052 1061 1061 1057 1057 1056 1056 1060 1060 1061 1061 1056 1056 1066 1066 1061 1061 1060 1060 1065 1065 1066 1066 1060 1060 1070 1070 1066 1066 1065 1065 1070 1070 1068 1068 1066 1066 1070 1070 1071 1071 1068 1068 1074 1074 1075 1075 1070 1070 1075 1075 1071 1071 1070 1070 1077 1077 1078 1078 1074 1074 1078 1078 1075 1075 1074 1074 1080 1080 1081 1081 1077 1077 1081 1081 1078 1078 1077 1077 1022 1022 867 867 858 858 1023 1023 962 962 867 867 1022 1022 1023 1023 867 867 1024 1024 1023 1023 1022 1022 1024 1024 1029 1029 1023 1023 1028 1028 1029 1029 1024 1024 1030 1030 1029 1029 1028 1028 1030 1030 1035 1035 1029 1029 1034 1034 1035 1035 1030 1030 1036 1036 1035 1035 1034 1034 1036 1036 1041 1041 1035 1035 1040 1040 1041 1041 1036 1036 1042 1042 1041 1041 1040 1040 1042 1042 1047 1047 1041 1041 1046 1046 1047 1047 1042 1042 1051 1051 1047 1047 1046 1046 1049 1049 1051 1051 1046 1046 1055 1055 1051 1051 1049 1049 1053 1053 1055 1055 1049 1049 1059 1059 1055 1055 1053 1053 1057 1057 1059 1059 1053 1053 1063 1063 1059 1059 1057 1057 1061 1061 1063 1063 1057 1057 1067 1067 1063 1063 1061 1061 1066 1066 1067 1067 1061 1061 1068 1068 1067 1067 1066 1066 1068 1068 1073 1073 1067 1067 1071 1071 1073 1073 1068 1068 1076 1076 1073 1073 1071 1071 1075 1075 1076 1076 1071 1071 1078 1078 1076 1076 1075 1075 1078 1078 1083 1083 1076 1076 1081 1081 1083 1083 1078 1078</p>
        </triangles>
      </mesh>
    </geometry>
  </library_geometries>
  <library_materials>
    <material id="1399a4f37542468eb017235359bb615b" name="defaultmaterial">
      <instance_effect url="#f173b7af431e40bdbc18acd683bab98f"/>
    </material>
  </library_materials>
  <library_visual_scenes>
    <visual_scene id="scene">
      <node id="node0" name="node0">
        <instance_geometry url="#38b854c11a18495aa1cd7df6d8a60d33">
          <bind_material>
            <technique_common>
              <instance_material symbol="material0" target="#1399a4f37542468eb017235359bb615b"/>
            </technique_common>
          </bind_material>
        </instance_geometry>
      </node>
    </visual_scene>
  </library_visual_scenes>
  <scene>
    <instance_visual_scene url="#scene"/>
  </scene>
</COLLADA>
